id,text,label_level1,label_level2,label_level3,text_length,intent_complexity,sample_type,keywords,confidence_score
1914,额度查询需要什么条件,信贷服务,额度管理,额度查询,短文本,简单,short,"额度查询, 额度, 查询, 条件",0.98
1986,产品说明书需要什么条件,风险合规,信息披露,产品说明书,短文本,简单,short,"产品说明书, 条件",0.83
1182,请问净值型理财怎么操作,投资理财,理财产品,净值型理财,短文本,简单,short,"净值型理财, 理财",0.99
1501,我对支付密码很感兴趣，请问能介绍一下吗？我想知道相关的具体要求和办理流程,账户服务,密码管理,支付密码,中等文本,简单,medium,"支付密码, 密码, 办理, 流程",0.8
1710,美股交易需要什么条件,投资理财,股票投资,美股交易,短文本,简单,short,"美股交易, 条件",0.85
1966,怎么交水电费,交易服务,支付缴费,水电煤缴费,短文本,简单,short,水电煤缴费,0.93
1955,交易权限的具体流程是什么,账户服务,权限设置,交易权限,短文本,简单,short,"交易权限, 流程",0.96
1653,交易明细的具体流程是什么,交易服务,交易查询,交易明细,短文本,简单,short,"交易明细, 流程",0.97
1446,代扣设置的具体流程是什么,交易服务,代扣代缴,代扣设置,短文本,简单,short,"代扣设置, 流程",0.94
1721,我想了解对账单的相关信息,交易服务,交易查询,对账单,短文本,简单,short,对账单,0.99
1081,我想了解电子回单的相关信息,交易服务,交易查询,电子回单,短文本,简单,short,电子回单,0.98
1190,结构性存款的具体流程是什么,投资理财,理财产品,结构性存款,短文本,简单,short,"结构性存款, 存款, 流程",0.92
1760,股票查询需要什么条件,投资理财,股票投资,股票查询,短文本,简单,short,"股票查询, 股票, 查询, 条件",0.86
1695,我对稳健型产品很感兴趣，请问能介绍一下吗？我想知道相关的具体要求和办理流程,产品咨询,产品推荐,稳健型产品,中等文本,中等,medium,"稳健型产品, 办理, 流程",0.88
1732,请问服务费怎么操作,产品咨询,费用说明,服务费,短文本,简单,short,服务费,0.85
1142,信用卡激活期限是多久,信贷服务,信用卡服务,信用卡激活,短文本,简单,short,"信用卡激活, 信用卡",0.92
1179,我想了解流动资金贷款的相关信息,信贷服务,企业贷款,流动资金贷款,短文本,简单,short,"流动资金贷款, 贷款",0.85
1535,我对赎回费很感兴趣，请问能介绍一下吗？我想知道相关的具体要求和办理流程,产品咨询,费用说明,赎回费,中等文本,简单,medium,"赎回费, 办理, 流程",0.81
1499,跨境汇款需要什么条件,交易服务,转账汇款,跨境汇款,短文本,简单,short,"跨境汇款, 条件",0.89
1522,我对贸易融资很感兴趣，请问能介绍一下吗？我想知道相关的具体要求和办理流程,信贷服务,企业贷款,贸易融资,中等文本,简单,medium,"贸易融资, 办理, 流程",0.97
1857,我想了解收益率对比的相关信息,产品咨询,产品对比,收益率对比,短文本,简单,short,"收益率对比, 收益",0.81
1558,请问健康保险怎么操作,投资理财,保险规划,健康保险,短文本,简单,short,"健康保险, 保险",0.82
1650,请问信用贷和其他类似服务相比有什么优势？我想做一个详细的了解和对比，看看哪个更适合我的需求,信贷服务,个人贷款,信用贷,中等文本,简单,medium,信用贷,0.99
1529,请问税费缴纳怎么操作,交易服务,支付缴费,税费缴纳,短文本,简单,short,税费缴纳,0.95
1260,我对跨境汇款很感兴趣，请问能介绍一下吗？我想知道相关的具体要求和办理流程,交易服务,转账汇款,跨境汇款,中等文本,中等,medium,"跨境汇款, 办理, 流程",0.82
1311,请问风险测评怎么操作,风险合规,风险评估,风险测评,短文本,简单,short,"风险测评, 风险",0.94
1398,我想了解A股交易的相关信息,投资理财,股票投资,A股交易,短文本,简单,short,A股交易,0.92
1033,合规要求的具体流程是什么,风险合规,合规咨询,合规要求,短文本,简单,short,"合规要求, 流程",0.98
1227,请问交易记录怎么操作,交易服务,交易查询,交易记录,短文本,简单,short,交易记录,0.98
1203,请问税费缴纳和其他类似服务相比有什么优势？我想做一个详细的了解和对比，看看哪个更适合我的需求,交易服务,支付缴费,税费缴纳,中等文本,中等,medium,税费缴纳,0.98
1762,我想了解大额存单的相关信息,投资理财,理财产品,大额存单,短文本,简单,short,大额存单,0.85
1275,额度查询的具体流程是什么,信贷服务,额度管理,额度查询,短文本,简单,short,"额度查询, 额度, 查询, 流程",0.87
1687,请问盾卡管理怎么操作,账户服务,安全验证,盾卡管理,短文本,简单,short,盾卡管理,0.91
1121,大额交易需要申报吗,风险合规,合规咨询,反洗钱,短文本,简单,short,反洗钱,0.86
1623,交易明细需要什么条件,交易服务,交易查询,交易明细,短文本,简单,short,"交易明细, 条件",0.91
1925,我想了解投资组合的相关信息,投资理财,资产配置,投资组合,短文本,简单,short,投资组合,0.96
1078,请问流动资金贷款和其他类似服务相比有什么优势？我想做一个详细的了解和对比，看看哪个更适合我的需求,信贷服务,企业贷款,流动资金贷款,中等文本,中等,medium,"流动资金贷款, 贷款",0.85
1118,跨境汇款的具体流程是什么,交易服务,转账汇款,跨境汇款,短文本,简单,short,"跨境汇款, 流程",0.86
1548,我想了解人寿保险的相关信息,投资理财,保险规划,人寿保险,短文本,简单,short,"人寿保险, 保险",0.91
1283,我对合规要求很感兴趣，请问能介绍一下吗？我想知道相关的具体要求和办理流程,风险合规,合规咨询,合规要求,中等文本,简单,medium,"合规要求, 办理, 流程",0.94
1312,请问盾卡管理和其他类似服务相比有什么优势？我想做一个详细的了解和对比，看看哪个更适合我的需求,账户服务,安全验证,盾卡管理,中等文本,简单,medium,盾卡管理,0.81
1523,担保方式的具体流程是什么,信贷服务,额度管理,担保方式,短文本,简单,short,"担保方式, 流程",0.95
1568,我对抵押贷很感兴趣，请问能介绍一下吗？我想知道相关的具体要求和办理流程,信贷服务,个人贷款,抵押贷,中等文本,中等,medium,"抵押贷, 办理, 流程",0.99
1907,债券基金收益怎么样,投资理财,基金投资,债券基金,短文本,简单,short,"债券基金, 收益, 基金",0.92
1292,请问代扣设置怎么操作,交易服务,代扣代缴,代扣设置,短文本,简单,short,代扣设置,0.9
1658,请问人寿保险和其他类似服务相比有什么优势？我想做一个详细的了解和对比，看看哪个更适合我的需求,投资理财,保险规划,人寿保险,中等文本,简单,medium,"人寿保险, 保险",0.85
1014,身份识别需要什么条件,风险合规,合规咨询,身份识别,短文本,简单,short,"身份识别, 条件",0.96
1919,大额存单需要什么条件,投资理财,理财产品,大额存单,短文本,简单,short,"大额存单, 条件",0.82
1313,请问承受能力和其他类似服务相比有什么优势？我想做一个详细的了解和对比，看看哪个更适合我的需求,风险合规,风险评估,承受能力,中等文本,简单,medium,承受能力,0.89
1399,我对保险理赔很感兴趣，请问能介绍一下吗？我想知道相关的具体要求和办理流程,投资理财,保险规划,保险理赔,中等文本,中等,medium,"保险理赔, 保险, 办理, 流程",0.93
1904,监管政策需要什么条件,风险合规,合规咨询,监管政策,短文本,简单,short,"监管政策, 条件",0.87
1895,管理费的具体流程是什么,产品咨询,费用说明,管理费,短文本,简单,short,"管理费, 流程",0.91
1503,产品公告的具体流程是什么,风险合规,信息披露,产品公告,短文本,简单,short,"产品公告, 流程",0.8
1348,信息披露查询的具体流程是什么,风险合规,信息披露,信息披露查询,短文本,简单,short,"信息披露查询, 查询, 流程",0.8
1425,请问贷款计算怎么操作,信贷服务,个人贷款,贷款计算,短文本,简单,short,"贷款计算, 贷款",0.84
1474,产品公告需要什么条件,风险合规,信息披露,产品公告,短文本,简单,short,"产品公告, 条件",0.93
1427,我想了解低风险产品的相关信息,产品咨询,产品推荐,低风险产品,短文本,简单,short,"低风险产品, 风险",0.84
1872,请问手续费和其他类似服务相比有什么优势？我想做一个详细的了解和对比，看看哪个更适合我的需求,产品咨询,费用说明,手续费,中等文本,中等,medium,手续费,0.99
1557,请问抵押贷怎么操作,信贷服务,个人贷款,抵押贷,短文本,简单,short,抵押贷,0.96
1268,我对交易权限很感兴趣，请问能介绍一下吗？我想知道相关的具体要求和办理流程,账户服务,权限设置,交易权限,中等文本,中等,medium,"交易权限, 办理, 流程",0.8
1110,我想了解权限冻结的相关信息,账户服务,权限设置,权限冻结,短文本,简单,short,权限冻结,0.83
1922,我对抵押贷很感兴趣，请问能介绍一下吗？我想知道相关的具体要求和办理流程,信贷服务,个人贷款,抵押贷,中等文本,中等,medium,"抵押贷, 办理, 流程",0.81
1019,请问办卡申请和其他类似服务相比有什么优势？我想做一个详细的了解和对比，看看哪个更适合我的需求,信贷服务,信用卡服务,办卡申请,中等文本,简单,medium,"办卡申请, 申请",0.87
1921,银行理财需要什么条件,投资理财,理财产品,银行理财,短文本,简单,short,"银行理财, 理财, 条件",0.9
1889,请问收益率对比和其他类似服务相比有什么优势？我想做一个详细的了解和对比，看看哪个更适合我的需求,产品咨询,产品对比,收益率对比,中等文本,中等,medium,"收益率对比, 收益",0.99
1127,请问风险测评和其他类似服务相比有什么优势？我想做一个详细的了解和对比，看看哪个更适合我的需求,风险合规,风险评估,风险测评,中等文本,简单,medium,"风险测评, 风险",0.89
1534,我想了解身份识别的相关信息,风险合规,合规咨询,身份识别,短文本,简单,short,身份识别,0.94
1356,贷款审批需要什么条件,信贷服务,企业贷款,贷款审批,短文本,简单,short,"贷款审批, 贷款, 条件",0.84
1538,交易权限的具体流程是什么,账户服务,权限设置,交易权限,短文本,简单,short,"交易权限, 流程",0.82
1482,请问抵押贷和其他类似服务相比有什么优势？我想做一个详细的了解和对比，看看哪个更适合我的需求,信贷服务,个人贷款,抵押贷,中等文本,中等,medium,抵押贷,0.97
1756,临时额度的具体流程是什么,信贷服务,信用卡服务,临时额度,短文本,简单,short,"临时额度, 额度, 流程",0.83
1296,代扣查询的具体流程是什么,交易服务,代扣代缴,代扣查询,短文本,简单,short,"代扣查询, 查询, 流程",0.91
1140,贸易融资的具体流程是什么,信贷服务,企业贷款,贸易融资,短文本,简单,short,"贸易融资, 流程",0.91
1603,定期调整的具体流程是什么,投资理财,资产配置,定期调整,短文本,简单,short,"定期调整, 流程",0.82
1834,我想申购开放式基金,投资理财,基金投资,开放式基金,短文本,简单,short,"开放式基金, 基金",0.87
1718,资产配置建议的具体流程是什么,投资理财,资产配置,资产配置建议,短文本,简单,short,"资产配置建议, 流程",0.8
1846,请问财产保险怎么操作,投资理财,保险规划,财产保险,短文本,简单,short,"财产保险, 保险",0.91
1931,什么是指数基金,投资理财,基金投资,指数基金,短文本,简单,short,"指数基金, 基金",0.94
1595,请问车险怎么操作,投资理财,保险规划,车险,短文本,简单,short,车险,0.85
1995,请问贸易融资怎么操作,信贷服务,企业贷款,贸易融资,短文本,简单,short,贸易融资,0.88
1502,怎么设置自动缴费,交易服务,支付缴费,水电煤缴费,短文本,简单,short,"水电煤缴费, 缴费",0.97
1771,请问休眠账户激活怎么操作,账户服务,开户注销,休眠账户激活,短文本,简单,short,休眠账户激活,0.83
1527,我想了解手续费的相关信息,产品咨询,费用说明,手续费,短文本,简单,short,手续费,0.99
1143,我对担保方式很感兴趣，请问能介绍一下吗？我想知道相关的具体要求和办理流程,信贷服务,额度管理,担保方式,中等文本,简单,medium,"担保方式, 办理, 流程",0.88
1068,管理费需要什么条件,产品咨询,费用说明,管理费,短文本,简单,short,"管理费, 条件",0.86
1189,身份识别的具体流程是什么,风险合规,合规咨询,身份识别,短文本,简单,short,"身份识别, 流程",0.97
1360,代扣设置需要什么条件,交易服务,代扣代缴,代扣设置,短文本,简单,short,"代扣设置, 条件",0.86
1358,我需要转账到工商银行，请问多久能到账？手续费怎么计算？,交易服务,转账汇款,跨行转账,短文本,简单,short,"跨行转账, 转账, 手续费",0.91
1225,请问额度调整和其他类似服务相比有什么优势？我想做一个详细的了解和对比，看看哪个更适合我的需求,信贷服务,额度管理,额度调整,中等文本,中等,medium,"额度调整, 额度",1.0
1455,开放式基金怎么买,投资理财,基金投资,开放式基金,短文本,简单,short,"开放式基金, 基金",0.82
1541,服务费的具体流程是什么,产品咨询,费用说明,服务费,短文本,简单,short,"服务费, 流程",0.97
1476,请问账单分期怎么操作,信贷服务,信用卡服务,账单分期,短文本,简单,short,账单分期,0.87
1774,我对盾卡管理很感兴趣，请问能介绍一下吗？我想知道相关的具体要求和办理流程,账户服务,安全验证,盾卡管理,中等文本,简单,medium,"盾卡管理, 办理, 流程",0.95
1417,我想了解美股交易的相关信息,投资理财,股票投资,美股交易,短文本,简单,short,美股交易,0.92
1707,跨行转账多久到账,交易服务,转账汇款,跨行转账,短文本,简单,short,"跨行转账, 转账",0.84
1517,请问代扣设置怎么操作,交易服务,代扣代缴,代扣设置,短文本,简单,short,代扣设置,0.86
1941,产品公告的具体流程是什么,风险合规,信息披露,产品公告,短文本,简单,short,"产品公告, 流程",0.98
1984,请问承受能力怎么操作,风险合规,风险评估,承受能力,短文本,简单,short,承受能力,0.81
1546,我想装修房子需要30万，请问消费贷的申请流程是什么？需要提供哪些材料？大概多久能批下来,信贷服务,个人贷款,消费贷,中等文本,中等,medium,"消费贷, 申请, 流程, 材料",0.85
1269,反洗钱审核要多久,风险合规,合规咨询,反洗钱,短文本,简单,short,反洗钱,0.99
1010,登录密码忘了怎么办,账户服务,密码管理,登录密码,短文本,简单,short,"登录密码, 密码",0.95
1644,债券基金适合长期持有吗,投资理财,基金投资,债券基金,短文本,简单,short,"债券基金, 基金",0.92
1682,请问手续费怎么操作,产品咨询,费用说明,手续费,短文本,简单,short,手续费,0.97
1381,请问稳健型产品和其他类似服务相比有什么优势？我想做一个详细的了解和对比，看看哪个更适合我的需求,产品咨询,产品推荐,稳健型产品,中等文本,简单,medium,稳健型产品,0.91
1213,请问经营贷和其他类似服务相比有什么优势？我想做一个详细的了解和对比，看看哪个更适合我的需求,信贷服务,个人贷款,经营贷,中等文本,简单,medium,经营贷,0.83
1267,港股通的具体流程是什么,投资理财,股票投资,港股通,短文本,简单,short,"港股通, 流程",0.82
1753,人脸识别需要什么条件,账户服务,安全验证,人脸识别,短文本,简单,short,"人脸识别, 条件",0.94
1876,我对身份识别很感兴趣，请问能介绍一下吗？我想知道相关的具体要求和办理流程,风险合规,合规咨询,身份识别,中等文本,中等,medium,"身份识别, 办理, 流程",0.82
1248,我对热门产品很感兴趣，请问能介绍一下吗？我想知道相关的具体要求和办理流程,产品咨询,产品推荐,热门产品,中等文本,简单,medium,"热门产品, 办理, 流程",0.96
1598,风险测评的具体流程是什么,风险合规,风险评估,风险测评,短文本,简单,short,"风险测评, 风险, 流程",0.88
1337,请问风险提示书和其他类似服务相比有什么优势？我想做一个详细的了解和对比，看看哪个更适合我的需求,风险合规,信息披露,风险提示书,中等文本,中等,medium,"风险提示书, 风险",0.85
1403,身份识别的具体流程是什么,风险合规,合规咨询,身份识别,短文本,简单,short,"身份识别, 流程",0.9
1959,我对担保方式很感兴趣，请问能介绍一下吗？我想知道相关的具体要求和办理流程,信贷服务,额度管理,担保方式,中等文本,中等,medium,"担保方式, 办理, 流程",0.93
1000,密码找回的具体流程是什么,账户服务,密码管理,密码找回,短文本,简单,short,"密码找回, 密码, 流程",0.98
1287,交易记录需要什么条件,交易服务,交易查询,交易记录,短文本,简单,short,"交易记录, 条件",0.99
1588,代扣查询需要什么条件,交易服务,代扣代缴,代扣查询,短文本,简单,short,"代扣查询, 查询, 条件",0.96
1016,净值型理财的具体流程是什么,投资理财,理财产品,净值型理财,短文本,简单,short,"净值型理财, 理财, 流程",0.85
1795,请问大额存单和其他类似服务相比有什么优势？我想做一个详细的了解和对比，看看哪个更适合我的需求,投资理财,理财产品,大额存单,中等文本,中等,medium,大额存单,0.89
1325,我对委托授权很感兴趣，请问能介绍一下吗？我想知道相关的具体要求和办理流程,账户服务,权限设置,委托授权,中等文本,简单,medium,"委托授权, 办理, 流程",0.93
1430,交易权限的具体流程是什么,账户服务,权限设置,交易权限,短文本,简单,short,"交易权限, 流程",0.87
1124,请问预期收益型怎么操作,投资理财,理财产品,预期收益型,短文本,简单,short,"预期收益型, 收益",0.99
1393,开放式基金怎么买,投资理财,基金投资,开放式基金,短文本,简单,short,"开放式基金, 基金",0.8
1335,我对交易记录很感兴趣，请问能介绍一下吗？我想知道相关的具体要求和办理流程,交易服务,交易查询,交易记录,中等文本,中等,medium,"交易记录, 办理, 流程",0.93
1564,产品优缺点需要什么条件,产品咨询,产品对比,产品优缺点,短文本,简单,short,"产品优缺点, 条件",0.94
1751,港股通的具体流程是什么,投资理财,股票投资,港股通,短文本,简单,short,"港股通, 流程",0.9
1614,请问短信验证怎么操作,账户服务,安全验证,短信验证,短文本,简单,short,短信验证,0.83
1133,请问大额存单怎么操作,投资理财,理财产品,大额存单,短文本,简单,short,大额存单,0.97
1667,定期调整需要什么条件,投资理财,资产配置,定期调整,短文本,简单,short,"定期调整, 条件",0.97
1307,授信管理的具体流程是什么,信贷服务,额度管理,授信管理,短文本,简单,short,"授信管理, 流程",0.8
1250,密码找回的具体流程是什么,账户服务,密码管理,密码找回,短文本,简单,short,"密码找回, 密码, 流程",0.99
1249,请问委托授权怎么操作,账户服务,权限设置,委托授权,短文本,简单,short,委托授权,0.92
1867,休眠账户激活的具体流程是什么,账户服务,开户注销,休眠账户激活,短文本,简单,short,"休眠账户激活, 流程",0.82
1301,服务费的具体流程是什么,产品咨询,费用说明,服务费,短文本,简单,short,"服务费, 流程",0.8
1104,结构性存款需要什么条件,投资理财,理财产品,结构性存款,短文本,简单,short,"结构性存款, 存款, 条件",1.0
1746,请问基金赎回和其他类似服务相比有什么优势？我想做一个详细的了解和对比，看看哪个更适合我的需求,投资理财,基金投资,基金赎回,中等文本,简单,medium,"基金赎回, 基金",0.9
1813,怎么修改登录密码,账户服务,密码管理,登录密码,短文本,简单,short,"登录密码, 密码",0.99
1322,请问权限冻结和其他类似服务相比有什么优势？我想做一个详细的了解和对比，看看哪个更适合我的需求,账户服务,权限设置,权限冻结,中等文本,中等,medium,权限冻结,0.97
1282,手续费需要什么条件,产品咨询,费用说明,手续费,短文本,简单,short,"手续费, 条件",0.9
1856,临时额度需要什么条件,信贷服务,信用卡服务,临时额度,短文本,简单,short,"临时额度, 额度, 条件",0.88
1900,请问交易明细和其他类似服务相比有什么优势？我想做一个详细的了解和对比，看看哪个更适合我的需求,交易服务,交易查询,交易明细,中等文本,中等,medium,交易明细,0.84
1309,交易记录需要什么条件,交易服务,交易查询,交易记录,短文本,简单,short,"交易记录, 条件",0.99
1571,代扣取消的具体流程是什么,交易服务,代扣代缴,代扣取消,短文本,简单,short,"代扣取消, 流程",0.88
1521,我对实名认证很感兴趣，请问能介绍一下吗？我想知道相关的具体要求和办理流程,账户服务,安全验证,实名认证,中等文本,简单,medium,"实名认证, 办理, 流程",0.92
1873,我想了解休眠账户激活的相关信息,账户服务,开户注销,休眠账户激活,短文本,简单,short,休眠账户激活,0.98
1066,请问收益率对比怎么操作,产品咨询,产品对比,收益率对比,短文本,简单,short,"收益率对比, 收益",0.99
1870,我想了解定期调整的相关信息,投资理财,资产配置,定期调整,短文本,简单,short,定期调整,0.85
1178,我对预期收益很感兴趣，请问能介绍一下吗？我想知道相关的具体要求和办理流程,产品咨询,收益计算,预期收益,中等文本,简单,medium,"预期收益, 收益, 办理, 流程",0.95
1390,请问基金赎回怎么操作,投资理财,基金投资,基金赎回,短文本,简单,short,"基金赎回, 基金",0.98
1090,我想了解车险的相关信息,投资理财,保险规划,车险,短文本,简单,short,车险,0.83
1808,我对基金转换很感兴趣，请问能介绍一下吗？我想知道相关的具体要求和办理流程,投资理财,基金投资,基金转换,中等文本,简单,medium,"基金转换, 基金, 办理, 流程",0.98
1991,请问美股交易怎么操作,投资理财,股票投资,美股交易,短文本,简单,short,美股交易,0.81
1318,请问实名认证怎么操作,账户服务,安全验证,实名认证,短文本,简单,short,实名认证,0.82
1188,额度调整的具体流程是什么,信贷服务,额度管理,额度调整,短文本,简单,short,"额度调整, 额度, 流程",0.87
1630,请问稳健型产品和其他类似服务相比有什么优势？我想做一个详细的了解和对比，看看哪个更适合我的需求,产品咨询,产品推荐,稳健型产品,中等文本,简单,medium,稳健型产品,0.83
1219,请问基金转换怎么操作,投资理财,基金投资,基金转换,短文本,简单,short,"基金转换, 基金",0.93
1510,我对密码找回很感兴趣，请问能介绍一下吗？我想知道相关的具体要求和办理流程,账户服务,密码管理,密码找回,中等文本,简单,medium,"密码找回, 密码, 办理, 流程",0.96
1778,我想了解人脸识别的相关信息,账户服务,安全验证,人脸识别,短文本,简单,short,人脸识别,0.89
1570,行内转账限额是多少,交易服务,转账汇款,行内转账,短文本,简单,short,"行内转账, 转账",0.96
1631,请问账户注销和其他类似服务相比有什么优势？我想做一个详细的了解和对比，看看哪个更适合我的需求,账户服务,开户注销,账户注销,中等文本,简单,medium,账户注销,0.81
1757,风险测评是什么,投资理财,资产配置,风险评估,短文本,简单,short,"风险评估, 风险",0.89
1853,请问结构性存款怎么操作,投资理财,理财产品,结构性存款,短文本,简单,short,"结构性存款, 存款",0.9
1389,手机银行可以给手机充值吗？我有两张手机卡都能充吗？,交易服务,支付缴费,手机充值,短文本,简单,short,手机充值,0.98
1826,货币基金需要什么条件,投资理财,基金投资,货币基金,短文本,简单,short,"货币基金, 基金, 条件",0.98
1350,固定资产贷款的具体流程是什么,信贷服务,企业贷款,固定资产贷款,短文本,简单,short,"固定资产贷款, 贷款, 流程",0.82
1353,我想了解服务费的相关信息,产品咨询,费用说明,服务费,短文本,简单,short,服务费,0.83
1440,请问银行理财和其他类似服务相比有什么优势？我想做一个详细的了解和对比，看看哪个更适合我的需求,投资理财,理财产品,银行理财,中等文本,中等,medium,"银行理财, 理财",0.96
1563,请问跨境汇款和其他类似服务相比有什么优势？我想做一个详细的了解和对比，看看哪个更适合我的需求,交易服务,转账汇款,跨境汇款,中等文本,中等,medium,跨境汇款,0.82
1754,请问A股交易怎么操作,投资理财,股票投资,A股交易,短文本,简单,short,A股交易,0.91
1426,请问账户注销和其他类似服务相比有什么优势？我想做一个详细的了解和对比，看看哪个更适合我的需求,账户服务,开户注销,账户注销,中等文本,简单,medium,账户注销,0.95
1274,请问赎回费怎么操作,产品咨询,费用说明,赎回费,短文本,简单,short,赎回费,0.93
1909,请问贷款计算和其他类似服务相比有什么优势？我想做一个详细的了解和对比，看看哪个更适合我的需求,信贷服务,个人贷款,贷款计算,中等文本,中等,medium,"贷款计算, 贷款",0.95
1512,我想了解风险测评的相关信息,风险合规,风险评估,风险测评,短文本,简单,short,"风险测评, 风险",0.81
1222,承受能力的具体流程是什么,风险合规,风险评估,承受能力,短文本,简单,short,"承受能力, 流程",0.98
1185,我对新股申购很感兴趣，请问能介绍一下吗？我想知道相关的具体要求和办理流程,投资理财,股票投资,新股申购,中等文本,中等,medium,"新股申购, 办理, 流程",0.83
1488,请问自动缴费怎么操作,交易服务,代扣代缴,自动缴费,短文本,简单,short,"自动缴费, 缴费",0.82
1747,请问进取型产品和其他类似服务相比有什么优势？我想做一个详细的了解和对比，看看哪个更适合我的需求,产品咨询,产品推荐,进取型产品,中等文本,中等,medium,进取型产品,0.96
1930,流动资金贷款的具体流程是什么,信贷服务,企业贷款,流动资金贷款,短文本,简单,short,"流动资金贷款, 贷款, 流程",0.99
1772,请问实时转账和其他类似服务相比有什么优势？我想做一个详细的了解和对比，看看哪个更适合我的需求,交易服务,转账汇款,实时转账,中等文本,中等,medium,"实时转账, 转账",0.98
1728,指数基金推荐,投资理财,基金投资,指数基金,短文本,简单,short,"指数基金, 基金",0.89
1391,请问定期调整怎么操作,投资理财,资产配置,定期调整,短文本,简单,short,定期调整,0.89
1513,请问车险和其他类似服务相比有什么优势？我想做一个详细的了解和对比，看看哪个更适合我的需求,投资理财,保险规划,车险,中等文本,中等,medium,车险,0.8
1023,我想了解信用贷的相关信息,信贷服务,个人贷款,信用贷,短文本,简单,short,信用贷,0.9
1871,请问管理费和其他类似服务相比有什么优势？我想做一个详细的了解和对比，看看哪个更适合我的需求,产品咨询,费用说明,管理费,中等文本,简单,medium,管理费,0.92
1952,我想了解办卡申请的相关信息,信贷服务,信用卡服务,办卡申请,短文本,简单,short,"办卡申请, 申请",0.91
1637,请问企业开户怎么操作,账户服务,开户注销,企业开户,短文本,简单,short,"企业开户, 开户",0.83
1910,请问健康保险怎么操作,投资理财,保险规划,健康保险,短文本,简单,short,"健康保险, 保险",0.94
1583,监管政策的具体流程是什么,风险合规,合规咨询,监管政策,短文本,简单,short,"监管政策, 流程",0.9
1220,我对实时转账很感兴趣，请问能介绍一下吗？我想知道相关的具体要求和办理流程,交易服务,转账汇款,实时转账,中等文本,简单,medium,"实时转账, 转账, 办理, 流程",0.86
1422,我想了解账户注销的相关信息,账户服务,开户注销,账户注销,短文本,简单,short,账户注销,0.86
1528,我对持仓分析很感兴趣，请问能介绍一下吗？我想知道相关的具体要求和办理流程,投资理财,股票投资,持仓分析,中等文本,中等,medium,"持仓分析, 办理, 流程",0.84
1162,我对健康保险很感兴趣，请问能介绍一下吗？我想知道相关的具体要求和办理流程,投资理财,保险规划,健康保险,中等文本,简单,medium,"健康保险, 保险, 办理, 流程",0.84
1461,请问实际收益和其他类似服务相比有什么优势？我想做一个详细的了解和对比，看看哪个更适合我的需求,产品咨询,收益计算,实际收益,中等文本,简单,medium,"实际收益, 收益",0.94
1187,请问稳健型产品怎么操作,产品咨询,产品推荐,稳健型产品,短文本,简单,short,稳健型产品,0.95
1438,我对授信管理很感兴趣，请问能介绍一下吗？我想知道相关的具体要求和办理流程,信贷服务,额度管理,授信管理,中等文本,中等,medium,"授信管理, 办理, 流程",0.81
1933,请问预期收益和其他类似服务相比有什么优势？我想做一个详细的了解和对比，看看哪个更适合我的需求,产品咨询,收益计算,预期收益,中等文本,中等,medium,"预期收益, 收益",0.87
1026,我想了解办卡申请的相关信息,信贷服务,信用卡服务,办卡申请,短文本,简单,short,"办卡申请, 申请",0.97
1243,委托授权的具体流程是什么,账户服务,权限设置,委托授权,短文本,简单,short,"委托授权, 流程",0.91
1293,基金转换需要什么条件,投资理财,基金投资,基金转换,短文本,简单,short,"基金转换, 基金, 条件",0.99
1175,请问额度调整怎么操作,信贷服务,额度管理,额度调整,短文本,简单,short,"额度调整, 额度",0.93
1420,我想了解实名认证的相关信息,账户服务,安全验证,实名认证,短文本,简单,short,实名认证,0.9
1146,请问持仓分析和其他类似服务相比有什么优势？我想做一个详细的了解和对比，看看哪个更适合我的需求,投资理财,股票投资,持仓分析,中等文本,简单,medium,持仓分析,0.82
1087,结构性存款的具体流程是什么,投资理财,理财产品,结构性存款,短文本,简单,short,"结构性存款, 存款, 流程",0.93
1838,我想了解基金转换的相关信息,投资理财,基金投资,基金转换,短文本,简单,short,"基金转换, 基金",0.82
1741,怎么交水电费,交易服务,支付缴费,水电煤缴费,短文本,简单,short,水电煤缴费,0.91
1035,我想了解企业开户的相关信息,账户服务,开户注销,企业开户,短文本,简单,short,"企业开户, 开户",0.95
1093,请问A股交易怎么操作,投资理财,股票投资,A股交易,短文本,简单,short,A股交易,0.83
1453,密码重置需要什么条件,账户服务,密码管理,密码重置,短文本,简单,short,"密码重置, 密码, 条件",0.81
1037,跨行转账需要对方什么信息？只需要银行卡号还是也需要开户行名称？大额转账要提前预约吗,交易服务,转账汇款,跨行转账,中等文本,中等,medium,"跨行转账, 转账, 开户",0.93
1330,我对产品优缺点很感兴趣，请问能介绍一下吗？我想知道相关的具体要求和办理流程,产品咨询,产品对比,产品优缺点,中等文本,中等,medium,"产品优缺点, 办理, 流程",0.82
1806,请问股票查询怎么操作,投资理财,股票投资,股票查询,短文本,简单,short,"股票查询, 股票, 查询",0.87
1610,请问短信验证怎么操作,账户服务,安全验证,短信验证,短文本,简单,short,短信验证,0.83
1839,请问贷款计算怎么操作,信贷服务,个人贷款,贷款计算,短文本,简单,short,"贷款计算, 贷款",0.94
1382,房贷怎么申请,信贷服务,个人贷款,房贷,短文本,简单,short,"房贷, 申请",0.98
1585,我对支付密码很感兴趣，请问能介绍一下吗？我想知道相关的具体要求和办理流程,账户服务,密码管理,支付密码,中等文本,中等,medium,"支付密码, 密码, 办理, 流程",0.94
1855,我对意外险很感兴趣，请问能介绍一下吗？我想知道相关的具体要求和办理流程,投资理财,保险规划,意外险,中等文本,简单,medium,"意外险, 办理, 流程",0.9
1938,代扣取消的具体流程是什么,交易服务,代扣代缴,代扣取消,短文本,简单,short,"代扣取消, 流程",0.88
1845,消费贷利率多少,信贷服务,个人贷款,消费贷,短文本,简单,short,"消费贷, 利率",1.0
1524,密码重置需要什么条件,账户服务,密码管理,密码重置,短文本,简单,short,"密码重置, 密码, 条件",0.87
1514,对账单需要什么条件,交易服务,交易查询,对账单,短文本,简单,short,"对账单, 条件",0.99
1385,我对税费缴纳很感兴趣，请问能介绍一下吗？我想知道相关的具体要求和办理流程,交易服务,支付缴费,税费缴纳,中等文本,中等,medium,"税费缴纳, 办理, 流程",0.95
1788,我对自动缴费很感兴趣，请问能介绍一下吗？我想知道相关的具体要求和办理流程,交易服务,代扣代缴,自动缴费,中等文本,简单,medium,"自动缴费, 缴费, 办理, 流程",0.89
1977,我想了解自动缴费的相关信息,交易服务,代扣代缴,自动缴费,短文本,简单,short,"自动缴费, 缴费",0.91
1767,房贷利率是多少,信贷服务,个人贷款,房贷,短文本,简单,short,"房贷, 利率",0.84
1070,请问定期调整和其他类似服务相比有什么优势？我想做一个详细的了解和对比，看看哪个更适合我的需求,投资理财,资产配置,定期调整,中等文本,简单,medium,定期调整,0.85
1493,请问股票查询怎么操作,投资理财,股票投资,股票查询,短文本,简单,short,"股票查询, 股票, 查询",0.88
1544,人寿保险的具体流程是什么,投资理财,保险规划,人寿保险,短文本,简单,short,"人寿保险, 保险, 流程",0.84
1046,我对代扣设置很感兴趣，请问能介绍一下吗？我想知道相关的具体要求和办理流程,交易服务,代扣代缴,代扣设置,中等文本,简单,medium,"代扣设置, 办理, 流程",0.88
1028,资产配置建议需要什么条件,投资理财,资产配置,资产配置建议,短文本,简单,short,"资产配置建议, 条件",0.82
1439,我想了解监管政策的相关信息,风险合规,合规咨询,监管政策,短文本,简单,short,监管政策,0.99
1207,我想了解对账单的相关信息,交易服务,交易查询,对账单,短文本,简单,short,对账单,0.85
1939,请问银行理财怎么操作,投资理财,理财产品,银行理财,短文本,简单,short,"银行理财, 理财",0.93
1537,债券基金适合长期持有吗,投资理财,基金投资,债券基金,短文本,简单,short,"债券基金, 基金",0.99
1586,我对风险测评很感兴趣，请问能介绍一下吗？我想知道相关的具体要求和办理流程,风险合规,风险评估,风险测评,中等文本,中等,medium,"风险测评, 风险, 办理, 流程",0.84
1056,我给朋友转钱，他也是你们银行的，请问转账要手续费吗？即时到账吗,交易服务,转账汇款,行内转账,中等文本,中等,medium,"行内转账, 转账, 手续费",0.98
1387,港股通的具体流程是什么,投资理财,股票投资,港股通,短文本,简单,short,"港股通, 流程",0.99
1397,自动缴费需要什么条件,交易服务,代扣代缴,自动缴费,短文本,简单,short,"自动缴费, 缴费, 条件",0.98
1383,请问账单分期怎么操作,信贷服务,信用卡服务,账单分期,短文本,简单,short,账单分期,0.98
1714,请问预约转账和其他类似服务相比有什么优势？我想做一个详细的了解和对比，看看哪个更适合我的需求,交易服务,转账汇款,预约转账,中等文本,中等,medium,"预约转账, 转账",0.96
1566,我对代扣取消很感兴趣，请问能介绍一下吗？我想知道相关的具体要求和办理流程,交易服务,代扣代缴,代扣取消,中等文本,中等,medium,"代扣取消, 办理, 流程",0.81
1139,手续费的具体流程是什么,产品咨询,费用说明,手续费,短文本,简单,short,"手续费, 流程",0.84
1840,我想了解预约转账的相关信息,交易服务,转账汇款,预约转账,短文本,简单,short,"预约转账, 转账",0.88
1565,我想了解税费缴纳的相关信息,交易服务,支付缴费,税费缴纳,短文本,简单,short,税费缴纳,0.88
1892,请问进取型产品怎么操作,产品咨询,产品推荐,进取型产品,短文本,简单,short,进取型产品,0.81
1951,请问历史收益查询和其他类似服务相比有什么优势？我想做一个详细的了解和对比，看看哪个更适合我的需求,产品咨询,收益计算,历史收益查询,中等文本,中等,medium,"历史收益查询, 收益, 查询",0.84
1370,代扣查询需要什么条件,交易服务,代扣代缴,代扣查询,短文本,简单,short,"代扣查询, 查询, 条件",0.99
1696,我对实际收益很感兴趣，请问能介绍一下吗？我想知道相关的具体要求和办理流程,产品咨询,收益计算,实际收益,中等文本,简单,medium,"实际收益, 收益, 办理, 流程",0.9
1102,请问新股申购怎么操作,投资理财,股票投资,新股申购,短文本,简单,short,新股申购,0.85
1533,我想了解贷款审批的相关信息,信贷服务,企业贷款,贷款审批,短文本,简单,short,"贷款审批, 贷款",0.94
1034,银行理财的具体流程是什么,投资理财,理财产品,银行理财,短文本,简单,short,"银行理财, 理财, 流程",0.96
1812,贸易融资需要什么条件,信贷服务,企业贷款,贸易融资,短文本,简单,short,"贸易融资, 条件",0.99
1347,预期收益的具体流程是什么,产品咨询,收益计算,预期收益,短文本,简单,short,"预期收益, 收益, 流程",0.91
1047,我对临时额度很感兴趣，请问能介绍一下吗？我想知道相关的具体要求和办理流程,信贷服务,信用卡服务,临时额度,中等文本,简单,medium,"临时额度, 额度, 办理, 流程",0.85
1443,请问交易记录和其他类似服务相比有什么优势？我想做一个详细的了解和对比，看看哪个更适合我的需求,交易服务,交易查询,交易记录,中等文本,简单,medium,交易记录,0.89
1949,请问转账限额和其他类似服务相比有什么优势？我想做一个详细的了解和对比，看看哪个更适合我的需求,账户服务,权限设置,转账限额,中等文本,中等,medium,"转账限额, 转账",0.82
1494,请问支付密码和其他类似服务相比有什么优势？我想做一个详细的了解和对比，看看哪个更适合我的需求,账户服务,密码管理,支付密码,中等文本,简单,medium,"支付密码, 密码",0.87
1108,意外险的具体流程是什么,投资理财,保险规划,意外险,短文本,简单,short,"意外险, 流程",0.93
1848,结构性存款的具体流程是什么,投资理财,理财产品,结构性存款,短文本,简单,short,"结构性存款, 存款, 流程",0.86
1432,请问产品说明书和其他类似服务相比有什么优势？我想做一个详细的了解和对比，看看哪个更适合我的需求,风险合规,信息披露,产品说明书,中等文本,简单,medium,产品说明书,0.82
1441,财产保险需要什么条件,投资理财,保险规划,财产保险,短文本,简单,short,"财产保险, 保险, 条件",0.98
1147,投资组合的具体流程是什么,投资理财,资产配置,投资组合,短文本,简单,short,"投资组合, 流程",0.98
1126,我想了解贷款审批的相关信息,信贷服务,企业贷款,贷款审批,短文本,简单,short,"贷款审批, 贷款",0.85
1944,请问账单分期怎么操作,信贷服务,信用卡服务,账单分期,短文本,简单,short,账单分期,0.88
1508,健康保险需要什么条件,投资理财,保险规划,健康保险,短文本,简单,short,"健康保险, 保险, 条件",0.92
1289,我想了解历史收益查询的相关信息,产品咨询,收益计算,历史收益查询,短文本,简单,short,"历史收益查询, 收益, 查询",0.89
1937,我想了解代扣设置的相关信息,交易服务,代扣代缴,代扣设置,短文本,简单,short,代扣设置,0.86
1444,委托授权的具体流程是什么,账户服务,权限设置,委托授权,短文本,简单,short,"委托授权, 流程",0.88
1240,贷款计算需要什么条件,信贷服务,个人贷款,贷款计算,短文本,简单,short,"贷款计算, 贷款, 条件",0.81
1067,我想了解复利计算的相关信息,产品咨询,收益计算,复利计算,短文本,简单,short,复利计算,0.87
1737,请问稳健型产品怎么操作,产品咨询,产品推荐,稳健型产品,短文本,简单,short,稳健型产品,0.84
1673,我对对账单很感兴趣，请问能介绍一下吗？我想知道相关的具体要求和办理流程,交易服务,交易查询,对账单,中等文本,中等,medium,"对账单, 办理, 流程",0.97
1060,请问股票查询和其他类似服务相比有什么优势？我想做一个详细的了解和对比，看看哪个更适合我的需求,投资理财,股票投资,股票查询,中等文本,中等,medium,"股票查询, 股票, 查询",0.95
1783,反洗钱审核要多久,风险合规,合规咨询,反洗钱,短文本,简单,short,反洗钱,0.82
1284,请问担保方式怎么操作,信贷服务,额度管理,担保方式,短文本,简单,short,担保方式,0.81
1549,请问保险理赔和其他类似服务相比有什么优势？我想做一个详细的了解和对比，看看哪个更适合我的需求,投资理财,保险规划,保险理赔,中等文本,中等,medium,"保险理赔, 保险",0.85
1719,我对固定资产贷款很感兴趣，请问能介绍一下吗？我想知道相关的具体要求和办理流程,信贷服务,企业贷款,固定资产贷款,中等文本,简单,medium,"固定资产贷款, 贷款, 办理, 流程",0.89
1670,登录密码有什么要求,账户服务,密码管理,登录密码,短文本,简单,short,"登录密码, 密码",0.99
1805,企业开户的具体流程是什么,账户服务,开户注销,企业开户,短文本,简单,short,"企业开户, 开户, 流程",0.94
1974,开户时要做反洗钱身份识别，请问需要提供什么信息？为什么还要问我的职业和年收入,风险合规,合规咨询,反洗钱,中等文本,中等,medium,"反洗钱, 开户",0.84
1018,请问临时额度怎么操作,信贷服务,信用卡服务,临时额度,短文本,简单,short,"临时额度, 额度",0.98
1885,车险的具体流程是什么,投资理财,保险规划,车险,短文本,简单,short,"车险, 流程",0.82
1158,我想了解A股交易的相关信息,投资理财,股票投资,A股交易,短文本,简单,short,A股交易,0.85
1988,我对预期收益型很感兴趣，请问能介绍一下吗？我想知道相关的具体要求和办理流程,投资理财,理财产品,预期收益型,中等文本,简单,medium,"预期收益型, 收益, 办理, 流程",0.88
1285,财产保险的具体流程是什么,投资理财,保险规划,财产保险,短文本,简单,short,"财产保险, 保险, 流程",0.86
1729,代扣查询的具体流程是什么,交易服务,代扣代缴,代扣查询,短文本,简单,short,"代扣查询, 查询, 流程",0.83
1204,请问A股交易怎么操作,投资理财,股票投资,A股交易,短文本,简单,short,A股交易,0.96
1418,我对信用贷很感兴趣，请问能介绍一下吗？我想知道相关的具体要求和办理流程,信贷服务,个人贷款,信用贷,中等文本,中等,medium,"信用贷, 办理, 流程",0.87
1008,首套房和二套房的房贷利率差多少？我现在有一套房还在贷款中，想再买一套的话首付比例和利率分别是多少,信贷服务,个人贷款,房贷,中等文本,中等,medium,"房贷, 利率, 贷款",0.85
1304,稳健型产品需要什么条件,产品咨询,产品推荐,稳健型产品,短文本,简单,short,"稳健型产品, 条件",0.8
1663,请问定期调整怎么操作,投资理财,资产配置,定期调整,短文本,简单,short,定期调整,0.85
1956,低风险产品需要什么条件,产品咨询,产品推荐,低风险产品,短文本,简单,short,"低风险产品, 风险, 条件",0.89
1755,持仓分析需要什么条件,投资理财,股票投资,持仓分析,短文本,简单,short,"持仓分析, 条件",0.95
1526,固定资产贷款的具体流程是什么,信贷服务,企业贷款,固定资产贷款,短文本,简单,short,"固定资产贷款, 贷款, 流程",0.93
1344,赎回费需要什么条件,产品咨询,费用说明,赎回费,短文本,简单,short,"赎回费, 条件",0.84
1550,我想了解费用对比的相关信息,产品咨询,产品对比,费用对比,短文本,简单,short,费用对比,0.83
1860,风险等级需要什么条件,风险合规,风险评估,风险等级,短文本,简单,short,"风险等级, 风险, 条件",0.98
1020,我的网银登录密码忘记了，请问怎么找回？需要去柜台办理吗？,账户服务,密码管理,登录密码,短文本,简单,short,"登录密码, 密码, 办理",0.88
1469,我对意外险很感兴趣，请问能介绍一下吗？我想知道相关的具体要求和办理流程,投资理财,保险规划,意外险,中等文本,简单,medium,"意外险, 办理, 流程",0.88
1675,产品优缺点需要什么条件,产品咨询,产品对比,产品优缺点,短文本,简单,short,"产品优缺点, 条件",0.99
1913,定期调整的具体流程是什么,投资理财,资产配置,定期调整,短文本,简单,short,"定期调整, 流程",0.82
1195,银行理财的具体流程是什么,投资理财,理财产品,银行理财,短文本,简单,short,"银行理财, 理财, 流程",0.85
1651,请问美股交易怎么操作,投资理财,股票投资,美股交易,短文本,简单,short,美股交易,0.92
1811,我对密码重置很感兴趣，请问能介绍一下吗？我想知道相关的具体要求和办理流程,账户服务,密码管理,密码重置,中等文本,中等,medium,"密码重置, 密码, 办理, 流程",0.87
1609,预约转账需要什么条件,交易服务,转账汇款,预约转账,短文本,简单,short,"预约转账, 转账, 条件",0.97
1505,产品说明书需要什么条件,风险合规,信息披露,产品说明书,短文本,简单,short,"产品说明书, 条件",0.87
1847,风险评估怎么做,投资理财,资产配置,风险评估,短文本,简单,short,"风险评估, 风险",0.95
1777,贷款计算需要什么条件,信贷服务,个人贷款,贷款计算,短文本,简单,short,"贷款计算, 贷款, 条件",0.83
1626,请问盾卡管理和其他类似服务相比有什么优势？我想做一个详细的了解和对比，看看哪个更适合我的需求,账户服务,安全验证,盾卡管理,中等文本,简单,medium,盾卡管理,0.91
1479,交易明细需要什么条件,交易服务,交易查询,交易明细,短文本,简单,short,"交易明细, 条件",0.89
1119,短信验证需要什么条件,账户服务,安全验证,短信验证,短文本,简单,short,"短信验证, 条件",0.95
1089,我对复利计算很感兴趣，请问能介绍一下吗？我想知道相关的具体要求和办理流程,产品咨询,收益计算,复利计算,中等文本,中等,medium,"复利计算, 办理, 流程",0.93
1950,房贷利率是多少,信贷服务,个人贷款,房贷,短文本,简单,short,"房贷, 利率",0.88
1601,风险等级的具体流程是什么,风险合规,风险评估,风险等级,短文本,简单,short,"风险等级, 风险, 流程",0.9
1044,额度调整的具体流程是什么,信贷服务,额度管理,额度调整,短文本,简单,short,"额度调整, 额度, 流程",0.99
1379,我对额度查询很感兴趣，请问能介绍一下吗？我想知道相关的具体要求和办理流程,信贷服务,额度管理,额度查询,中等文本,简单,medium,"额度查询, 额度, 查询, 办理, 流程",0.85
1709,请问承受能力和其他类似服务相比有什么优势？我想做一个详细的了解和对比，看看哪个更适合我的需求,风险合规,风险评估,承受能力,中等文本,简单,medium,承受能力,0.93
1587,怎么行内转账,交易服务,转账汇款,行内转账,短文本,简单,short,"行内转账, 转账",0.96
1452,我想了解额度调整的相关信息,信贷服务,额度管理,额度调整,短文本,简单,short,"额度调整, 额度",0.83
1901,财产保险的具体流程是什么,投资理财,保险规划,财产保险,短文本,简单,short,"财产保险, 保险, 流程",0.81
1459,交易明细需要什么条件,交易服务,交易查询,交易明细,短文本,简单,short,"交易明细, 条件",0.92
1827,我对低风险产品很感兴趣，请问能介绍一下吗？我想知道相关的具体要求和办理流程,产品咨询,产品推荐,低风险产品,中等文本,中等,medium,"低风险产品, 风险, 办理, 流程",0.93
1786,请问电子回单和其他类似服务相比有什么优势？我想做一个详细的了解和对比，看看哪个更适合我的需求,交易服务,交易查询,电子回单,中等文本,简单,medium,电子回单,0.9
1209,请问资产配置建议怎么操作,投资理财,资产配置,资产配置建议,短文本,简单,short,资产配置建议,0.87
1415,意外险的具体流程是什么,投资理财,保险规划,意外险,短文本,简单,short,"意外险, 流程",0.86
1235,车险的具体流程是什么,投资理财,保险规划,车险,短文本,简单,short,"车险, 流程",0.83
1400,请问管理费怎么操作,产品咨询,费用说明,管理费,短文本,简单,short,管理费,0.94
1316,基金赎回需要什么条件,投资理财,基金投资,基金赎回,短文本,简单,short,"基金赎回, 基金, 条件",0.8
1519,我想了解密码重置的相关信息,账户服务,密码管理,密码重置,短文本,简单,short,"密码重置, 密码",0.99
1531,请问代扣设置和其他类似服务相比有什么优势？我想做一个详细的了解和对比，看看哪个更适合我的需求,交易服务,代扣代缴,代扣设置,中等文本,简单,medium,代扣设置,0.85
1151,我的风险评估结果是稳健型，请问可以买哪些理财产品？能不能买R3风险等级的产品,投资理财,资产配置,风险评估,中等文本,简单,medium,"风险评估, 风险, 理财",0.97
999,我对经营贷很感兴趣，请问能介绍一下吗？我想知道相关的具体要求和办理流程,信贷服务,个人贷款,经营贷,中等文本,中等,medium,"经营贷, 办理, 流程",0.97
1730,我想了解支付密码的相关信息,账户服务,密码管理,支付密码,短文本,简单,short,"支付密码, 密码",0.98
1352,请问临时额度怎么操作,信贷服务,信用卡服务,临时额度,短文本,简单,short,"临时额度, 额度",0.89
1800,我想了解产品优缺点的相关信息,产品咨询,产品对比,产品优缺点,短文本,简单,short,产品优缺点,0.87
1101,怎么行内转账,交易服务,转账汇款,行内转账,短文本,简单,short,"行内转账, 转账",0.93
1784,我对大额存单很感兴趣，请问能介绍一下吗？我想知道相关的具体要求和办理流程,投资理财,理财产品,大额存单,中等文本,中等,medium,"大额存单, 办理, 流程",0.83
1897,我对风险提示书很感兴趣，请问能介绍一下吗？我想知道相关的具体要求和办理流程,风险合规,信息披露,风险提示书,中等文本,简单,medium,"风险提示书, 风险, 办理, 流程",0.82
1229,请问人寿保险怎么操作,投资理财,保险规划,人寿保险,短文本,简单,short,"人寿保险, 保险",0.81
1607,请问支付密码和其他类似服务相比有什么优势？我想做一个详细的了解和对比，看看哪个更适合我的需求,账户服务,密码管理,支付密码,中等文本,简单,medium,"支付密码, 密码",0.82
1496,临时额度和固定额度的区别,信贷服务,信用卡服务,额度提升,短文本,简单,short,"额度提升, 额度",0.81
1343,请问固定资产贷款怎么操作,信贷服务,企业贷款,固定资产贷款,短文本,简单,short,"固定资产贷款, 贷款",0.83
1712,请问对账单怎么操作,交易服务,交易查询,对账单,短文本,简单,short,对账单,0.97
1362,我对预期收益很感兴趣，请问能介绍一下吗？我想知道相关的具体要求和办理流程,产品咨询,收益计算,预期收益,中等文本,简单,medium,"预期收益, 收益, 办理, 流程",0.84
1388,账单分期需要什么条件,信贷服务,信用卡服务,账单分期,短文本,简单,short,"账单分期, 条件",0.97
1905,请问能不能设置自动扣款缴费？每月自动从我的账户里扣水电费，怎么开通这个功能,交易服务,支付缴费,水电煤缴费,中等文本,简单,medium,"水电煤缴费, 缴费",0.9
1668,我对产品说明书很感兴趣，请问能介绍一下吗？我想知道相关的具体要求和办理流程,风险合规,信息披露,产品说明书,中等文本,简单,medium,"产品说明书, 办理, 流程",0.82
1768,风险评估不通过怎么办,投资理财,资产配置,风险评估,短文本,简单,short,"风险评估, 风险",0.84
1888,健康保险的具体流程是什么,投资理财,保险规划,健康保险,短文本,简单,short,"健康保险, 保险, 流程",0.96
1745,我想装修房子需要30万，请问消费贷的申请流程是什么？需要提供哪些材料？大概多久能批下来,信贷服务,个人贷款,消费贷,中等文本,简单,medium,"消费贷, 申请, 流程, 材料",0.83
1149,信用贷需要什么条件,信贷服务,个人贷款,信用贷,短文本,简单,short,"信用贷, 条件",0.82
1990,产品公告需要什么条件,风险合规,信息披露,产品公告,短文本,简单,short,"产品公告, 条件",0.96
1445,我的网银登录密码忘记了，请问怎么找回？需要去柜台办理吗？,账户服务,密码管理,登录密码,短文本,简单,short,"登录密码, 密码, 办理",0.97
1324,请问赎回费和其他类似服务相比有什么优势？我想做一个详细的了解和对比，看看哪个更适合我的需求,产品咨询,费用说明,赎回费,中等文本,简单,medium,赎回费,0.85
1749,请问风险提示书怎么操作,风险合规,信息披露,风险提示书,短文本,简单,short,"风险提示书, 风险",0.98
1270,请问产品说明书怎么操作,风险合规,信息披露,产品说明书,短文本,简单,short,产品说明书,0.89
1129,我对历史收益查询很感兴趣，请问能介绍一下吗？我想知道相关的具体要求和办理流程,产品咨询,收益计算,历史收益查询,中等文本,中等,medium,"历史收益查询, 收益, 查询, 办理, 流程",0.9
1619,我对意外险很感兴趣，请问能介绍一下吗？我想知道相关的具体要求和办理流程,投资理财,保险规划,意外险,中等文本,中等,medium,"意外险, 办理, 流程",0.89
1869,货币基金的具体流程是什么,投资理财,基金投资,货币基金,短文本,简单,short,"货币基金, 基金, 流程",0.86
1462,我对热门产品很感兴趣，请问能介绍一下吗？我想知道相关的具体要求和办理流程,产品咨询,产品推荐,热门产品,中等文本,简单,medium,"热门产品, 办理, 流程",0.86
1536,我对企业开户很感兴趣，请问能介绍一下吗？我想知道相关的具体要求和办理流程,账户服务,开户注销,企业开户,中等文本,中等,medium,"企业开户, 开户, 办理, 流程",0.85
1122,请问货币基金怎么操作,投资理财,基金投资,货币基金,短文本,简单,short,"货币基金, 基金",0.98
1369,请问风险提示和其他类似服务相比有什么优势？我想做一个详细的了解和对比，看看哪个更适合我的需求,风险合规,风险评估,风险提示,中等文本,简单,medium,"风险提示, 风险",0.98
1236,基金赎回的具体流程是什么,投资理财,基金投资,基金赎回,短文本,简单,short,"基金赎回, 基金, 流程",0.84
1698,我对风险等级很感兴趣，请问能介绍一下吗？我想知道相关的具体要求和办理流程,风险合规,风险评估,风险等级,中等文本,中等,medium,"风险等级, 风险, 办理, 流程",0.94
1141,请问固定资产贷款怎么操作,信贷服务,企业贷款,固定资产贷款,短文本,简单,short,"固定资产贷款, 贷款",0.92
1600,我想了解贸易融资的相关信息,信贷服务,企业贷款,贸易融资,短文本,简单,short,贸易融资,0.91
1829,经营贷的具体流程是什么,信贷服务,个人贷款,经营贷,短文本,简单,short,"经营贷, 流程",1.0
1711,请问净值型理财怎么操作,投资理财,理财产品,净值型理财,短文本,简单,short,"净值型理财, 理财",0.86
1437,经营贷的具体流程是什么,信贷服务,个人贷款,经营贷,短文本,简单,short,"经营贷, 流程",0.9
1706,风险等级对比需要什么条件,产品咨询,产品对比,风险等级对比,短文本,简单,short,"风险等级对比, 风险, 条件",0.94
1062,抵押贷需要什么条件,信贷服务,个人贷款,抵押贷,短文本,简单,short,"抵押贷, 条件",0.86
1980,新股申购需要什么条件,投资理财,股票投资,新股申购,短文本,简单,short,"新股申购, 条件",0.9
1769,请问交通罚款和其他类似服务相比有什么优势？我想做一个详细的了解和对比，看看哪个更适合我的需求,交易服务,支付缴费,交通罚款,中等文本,中等,medium,交通罚款,0.85
1654,我对基金转换很感兴趣，请问能介绍一下吗？我想知道相关的具体要求和办理流程,投资理财,基金投资,基金转换,中等文本,简单,medium,"基金转换, 基金, 办理, 流程",0.84
1636,请问定期调整和其他类似服务相比有什么优势？我想做一个详细的了解和对比，看看哪个更适合我的需求,投资理财,资产配置,定期调整,中等文本,中等,medium,定期调整,0.97
1447,我对美股交易很感兴趣，请问能介绍一下吗？我想知道相关的具体要求和办理流程,投资理财,股票投资,美股交易,中等文本,中等,medium,"美股交易, 办理, 流程",0.85
1063,贷款计算需要什么条件,信贷服务,个人贷款,贷款计算,短文本,简单,short,"贷款计算, 贷款, 条件",0.91
1011,信用卡提额需要什么条件,信贷服务,信用卡服务,额度提升,短文本,简单,short,"额度提升, 信用卡, 条件",0.97
1465,消费贷和信用卡现金分期哪个更划算？我需要借20万用一年，请问哪种方式的利息更低，有没有其他手续费,信贷服务,个人贷款,消费贷,中等文本,中等,medium,"消费贷, 信用卡, 手续费",0.88
1255,我的风险评估结果是稳健型，请问可以买哪些理财产品？能不能买R3风险等级的产品,投资理财,资产配置,风险评估,中等文本,简单,medium,"风险评估, 风险, 理财",0.89
1373,实际收益的具体流程是什么,产品咨询,收益计算,实际收益,短文本,简单,short,"实际收益, 收益, 流程",0.81
1478,请问自动缴费和其他类似服务相比有什么优势？我想做一个详细的了解和对比，看看哪个更适合我的需求,交易服务,代扣代缴,自动缴费,中等文本,中等,medium,"自动缴费, 缴费",0.98
1048,请问密码找回和其他类似服务相比有什么优势？我想做一个详细的了解和对比，看看哪个更适合我的需求,账户服务,密码管理,密码找回,中等文本,中等,medium,"密码找回, 密码",0.93
1676,网上银行能缴水电费吗,交易服务,支付缴费,水电煤缴费,短文本,简单,short,水电煤缴费,0.98
1120,请问产品优缺点和其他类似服务相比有什么优势？我想做一个详细的了解和对比，看看哪个更适合我的需求,产品咨询,产品对比,产品优缺点,中等文本,中等,medium,产品优缺点,0.95
1940,产品优缺点的具体流程是什么,产品咨询,产品对比,产品优缺点,短文本,简单,short,"产品优缺点, 流程",0.82
1597,稳健型产品的具体流程是什么,产品咨询,产品推荐,稳健型产品,短文本,简单,short,"稳健型产品, 流程",0.99
1967,登录密码忘了怎么办,账户服务,密码管理,登录密码,短文本,简单,short,"登录密码, 密码",0.88
1341,我想了解产品公告的相关信息,风险合规,信息披露,产品公告,短文本,简单,short,产品公告,0.97
1559,请问交易明细怎么操作,交易服务,交易查询,交易明细,短文本,简单,short,交易明细,0.84
1201,实时转账需要什么条件,交易服务,转账汇款,实时转账,短文本,简单,short,"实时转账, 转账, 条件",0.98
1331,请问健康保险和其他类似服务相比有什么优势？我想做一个详细的了解和对比，看看哪个更适合我的需求,投资理财,保险规划,健康保险,中等文本,简单,medium,"健康保险, 保险",0.95
1850,我对电子回单很感兴趣，请问能介绍一下吗？我想知道相关的具体要求和办理流程,交易服务,交易查询,电子回单,中等文本,简单,medium,"电子回单, 办理, 流程",0.95
1898,请问自动缴费和其他类似服务相比有什么优势？我想做一个详细的了解和对比，看看哪个更适合我的需求,交易服务,代扣代缴,自动缴费,中等文本,中等,medium,"自动缴费, 缴费",0.96
1290,我想了解支付密码的相关信息,账户服务,密码管理,支付密码,短文本,简单,short,"支付密码, 密码",0.95
1092,我想了解权限冻结的相关信息,账户服务,权限设置,权限冻结,短文本,简单,short,权限冻结,0.9
1611,请问代扣查询和其他类似服务相比有什么优势？我想做一个详细的了解和对比，看看哪个更适合我的需求,交易服务,代扣代缴,代扣查询,中等文本,简单,medium,"代扣查询, 查询",0.98
1880,我想了解电子回单的相关信息,交易服务,交易查询,电子回单,短文本,简单,short,电子回单,0.93
1184,收到信用卡后要做什么,信贷服务,信用卡服务,信用卡激活,短文本,简单,short,"信用卡激活, 信用卡",0.9
1506,我对委托授权很感兴趣，请问能介绍一下吗？我想知道相关的具体要求和办理流程,账户服务,权限设置,委托授权,中等文本,中等,medium,"委托授权, 办理, 流程",0.89
1135,自动缴费需要什么条件,交易服务,代扣代缴,自动缴费,短文本,简单,short,"自动缴费, 缴费, 条件",0.88
1281,我想了解人脸识别的相关信息,账户服务,安全验证,人脸识别,短文本,简单,short,人脸识别,0.91
1177,我对额度查询很感兴趣，请问能介绍一下吗？我想知道相关的具体要求和办理流程,信贷服务,额度管理,额度查询,中等文本,中等,medium,"额度查询, 额度, 查询, 办理, 流程",0.89
1173,风险等级对比的具体流程是什么,产品咨询,产品对比,风险等级对比,短文本,简单,short,"风险等级对比, 风险, 流程",0.85
1463,我对贸易融资很感兴趣，请问能介绍一下吗？我想知道相关的具体要求和办理流程,信贷服务,企业贷款,贸易融资,中等文本,中等,medium,"贸易融资, 办理, 流程",0.83
1917,跨行转账需要什么信息,交易服务,转账汇款,跨行转账,短文本,简单,short,"跨行转账, 转账",0.84
1678,请问热门产品怎么操作,产品咨询,产品推荐,热门产品,短文本,简单,short,热门产品,0.92
1704,财产保险的具体流程是什么,投资理财,保险规划,财产保险,短文本,简单,short,"财产保险, 保险, 流程",0.98
1657,请问费用对比怎么操作,产品咨询,产品对比,费用对比,短文本,简单,short,费用对比,1.0
1823,赎回费的具体流程是什么,产品咨询,费用说明,赎回费,短文本,简单,short,"赎回费, 流程",0.99
1272,请问权限冻结怎么操作,账户服务,权限设置,权限冻结,短文本,简单,short,权限冻结,0.85
1596,身份识别的具体流程是什么,风险合规,合规咨询,身份识别,短文本,简单,short,"身份识别, 流程",0.97
1233,请问监管政策怎么操作,风险合规,合规咨询,监管政策,短文本,简单,short,监管政策,0.87
1244,历史收益查询需要什么条件,产品咨询,收益计算,历史收益查询,短文本,简单,short,"历史收益查询, 收益, 查询, 条件",0.98
1310,我对账单分期很感兴趣，请问能介绍一下吗？我想知道相关的具体要求和办理流程,信贷服务,信用卡服务,账单分期,中等文本,中等,medium,"账单分期, 办理, 流程",0.96
1875,请问风险测评和其他类似服务相比有什么优势？我想做一个详细的了解和对比，看看哪个更适合我的需求,风险合规,风险评估,风险测评,中等文本,简单,medium,"风险测评, 风险",0.83
1766,稳健型产品需要什么条件,产品咨询,产品推荐,稳健型产品,短文本,简单,short,"稳健型产品, 条件",0.92
1594,请问费用对比怎么操作,产品咨询,产品对比,费用对比,短文本,简单,short,费用对比,0.82
1454,我对服务费很感兴趣，请问能介绍一下吗？我想知道相关的具体要求和办理流程,产品咨询,费用说明,服务费,中等文本,中等,medium,"服务费, 办理, 流程",0.94
1765,我想了解收益率对比的相关信息,产品咨询,产品对比,收益率对比,短文本,简单,short,"收益率对比, 收益",0.88
1681,权限冻结需要什么条件,账户服务,权限设置,权限冻结,短文本,简单,short,"权限冻结, 条件",0.8
1733,服务费需要什么条件,产品咨询,费用说明,服务费,短文本,简单,short,"服务费, 条件",0.95
1217,我想了解大额存单的相关信息,投资理财,理财产品,大额存单,短文本,简单,short,大额存单,0.81
1475,密码重置需要什么条件,账户服务,密码管理,密码重置,短文本,简单,short,"密码重置, 密码, 条件",0.99
1891,收到信用卡后要做什么,信贷服务,信用卡服务,信用卡激活,短文本,简单,short,"信用卡激活, 信用卡",0.93
1868,行内转账的限额是多少？我需要转账5万块钱，能不能一次性转出去,交易服务,转账汇款,行内转账,短文本,简单,short,"行内转账, 转账",0.86
1690,监管政策需要什么条件,风险合规,合规咨询,监管政策,短文本,简单,short,"监管政策, 条件",0.84
1333,经营贷需要什么条件,信贷服务,个人贷款,经营贷,短文本,简单,short,"经营贷, 条件",0.99
1232,怎么设置自动缴费,交易服务,支付缴费,水电煤缴费,短文本,简单,short,"水电煤缴费, 缴费",0.87
1164,经营贷的具体流程是什么,信贷服务,个人贷款,经营贷,短文本,简单,short,"经营贷, 流程",0.92
1643,请问税费缴纳怎么操作,交易服务,支付缴费,税费缴纳,短文本,简单,short,税费缴纳,0.91
1504,预约转账的具体流程是什么,交易服务,转账汇款,预约转账,短文本,简单,short,"预约转账, 转账, 流程",0.99
1859,请问历史收益查询和其他类似服务相比有什么优势？我想做一个详细的了解和对比，看看哪个更适合我的需求,产品咨询,收益计算,历史收益查询,中等文本,简单,medium,"历史收益查询, 收益, 查询",0.87
1384,抵押贷需要什么条件,信贷服务,个人贷款,抵押贷,短文本,简单,short,"抵押贷, 条件",0.88
1394,我对代扣查询很感兴趣，请问能介绍一下吗？我想知道相关的具体要求和办理流程,交易服务,代扣代缴,代扣查询,中等文本,简单,medium,"代扣查询, 查询, 办理, 流程",0.97
1144,跨境汇款需要什么条件,交易服务,转账汇款,跨境汇款,短文本,简单,short,"跨境汇款, 条件",0.98
1935,服务费的具体流程是什么,产品咨询,费用说明,服务费,短文本,简单,short,"服务费, 流程",0.92
1467,债券基金收益怎么样,投资理财,基金投资,债券基金,短文本,简单,short,"债券基金, 收益, 基金",0.84
1241,我对美股交易很感兴趣，请问能介绍一下吗？我想知道相关的具体要求和办理流程,投资理财,股票投资,美股交易,中等文本,中等,medium,"美股交易, 办理, 流程",0.82
1734,跨行转账需要对方什么信息？只需要银行卡号还是也需要开户行名称？大额转账要提前预约吗,交易服务,转账汇款,跨行转账,中等文本,简单,medium,"跨行转账, 转账, 开户",0.86
1489,信用卡提额需要什么条件,信贷服务,信用卡服务,额度提升,短文本,简单,short,"额度提升, 信用卡, 条件",0.85
1878,请问密码重置怎么操作,账户服务,密码管理,密码重置,短文本,简单,short,"密码重置, 密码",0.89
1245,贷款审批的具体流程是什么,信贷服务,企业贷款,贷款审批,短文本,简单,short,"贷款审批, 贷款, 流程",0.9
1497,行内转账的限额是多少？我需要转账5万块钱，能不能一次性转出去,交易服务,转账汇款,行内转账,短文本,简单,short,"行内转账, 转账",0.84
1916,请问委托授权怎么操作,账户服务,权限设置,委托授权,短文本,简单,short,委托授权,0.97
1215,请问新股申购和其他类似服务相比有什么优势？我想做一个详细的了解和对比，看看哪个更适合我的需求,投资理财,股票投资,新股申购,中等文本,中等,medium,新股申购,0.91
1628,我想在你们银行开个人账户，请问需要带什么证件？开户需要多长时间？,账户服务,开户注销,个人开户,中等文本,简单,medium,"个人开户, 开户",0.85
1368,信用卡提额需要什么条件,信贷服务,信用卡服务,额度提升,短文本,简单,short,"额度提升, 信用卡, 条件",0.82
1831,请问稳健型产品怎么操作,产品咨询,产品推荐,稳健型产品,短文本,简单,short,稳健型产品,0.98
1002,支付密码需要什么条件,账户服务,密码管理,支付密码,短文本,简单,short,"支付密码, 密码, 条件",0.98
1702,我想了解保险理赔的相关信息,投资理财,保险规划,保险理赔,短文本,简单,short,"保险理赔, 保险",0.98
1740,我想了解信息披露查询的相关信息,风险合规,信息披露,信息披露查询,短文本,简单,short,"信息披露查询, 查询",0.89
1061,资产配置建议需要什么条件,投资理财,资产配置,资产配置建议,短文本,简单,short,"资产配置建议, 条件",0.81
1041,开放式基金和封闭式基金有什么区别？我想了解一下它们的主要特点，特别是关于流动性和申购赎回机制方面的差异,投资理财,基金投资,开放式基金,中等文本,简单,medium,"开放式基金, 基金",0.83
1450,风险等级对比需要什么条件,产品咨询,产品对比,风险等级对比,短文本,简单,short,"风险等级对比, 风险, 条件",0.99
1722,我想了解实际收益的相关信息,产品咨询,收益计算,实际收益,短文本,简单,short,"实际收益, 收益",0.93
1058,手机话费怎么充值,交易服务,支付缴费,手机充值,短文本,简单,short,手机充值,0.82
1820,我对产品优缺点很感兴趣，请问能介绍一下吗？我想知道相关的具体要求和办理流程,产品咨询,产品对比,产品优缺点,中等文本,中等,medium,"产品优缺点, 办理, 流程",0.88
1428,请问A股交易和其他类似服务相比有什么优势？我想做一个详细的了解和对比，看看哪个更适合我的需求,投资理财,股票投资,A股交易,中等文本,中等,medium,A股交易,0.9
1608,开户需要本人去银行吗？能不能在手机上直接开户？需要做人脸识别吗,账户服务,开户注销,个人开户,中等文本,中等,medium,"个人开户, 开户",0.95
1216,我想了解人寿保险的相关信息,投资理财,保险规划,人寿保险,短文本,简单,short,"人寿保险, 保险",0.84
1716,消费贷需要什么条件,信贷服务,个人贷款,消费贷,短文本,简单,short,"消费贷, 条件",0.82
1969,管理费的具体流程是什么,产品咨询,费用说明,管理费,短文本,简单,short,"管理费, 流程",0.93
1484,我对代扣设置很感兴趣，请问能介绍一下吗？我想知道相关的具体要求和办理流程,交易服务,代扣代缴,代扣设置,中等文本,中等,medium,"代扣设置, 办理, 流程",0.85
1334,请问休眠账户激活怎么操作,账户服务,开户注销,休眠账户激活,短文本,简单,short,休眠账户激活,0.96
1171,我想了解贷款审批的相关信息,信贷服务,企业贷款,贷款审批,短文本,简单,short,"贷款审批, 贷款",0.85
1742,水电煤缴费要手续费吗,交易服务,支付缴费,水电煤缴费,短文本,简单,short,"水电煤缴费, 缴费, 手续费",0.96
1136,请问授信管理怎么操作,信贷服务,额度管理,授信管理,短文本,简单,short,授信管理,0.89
1112,股票查询需要什么条件,投资理财,股票投资,股票查询,短文本,简单,short,"股票查询, 股票, 查询, 条件",0.85
1691,账单分期需要什么条件,信贷服务,信用卡服务,账单分期,短文本,简单,short,"账单分期, 条件",0.83
1641,什么是指数基金,投资理财,基金投资,指数基金,短文本,简单,short,"指数基金, 基金",1.0
1205,请问对账单和其他类似服务相比有什么优势？我想做一个详细的了解和对比，看看哪个更适合我的需求,交易服务,交易查询,对账单,中等文本,中等,medium,对账单,0.95
1973,请问保险理赔和其他类似服务相比有什么优势？我想做一个详细的了解和对比，看看哪个更适合我的需求,投资理财,保险规划,保险理赔,中等文本,简单,medium,"保险理赔, 保险",0.82
1825,请问代扣取消和其他类似服务相比有什么优势？我想做一个详细的了解和对比，看看哪个更适合我的需求,交易服务,代扣代缴,代扣取消,中等文本,中等,medium,代扣取消,0.97
1286,请问跨境汇款和其他类似服务相比有什么优势？我想做一个详细的了解和对比，看看哪个更适合我的需求,交易服务,转账汇款,跨境汇款,中等文本,简单,medium,跨境汇款,0.81
1677,担保方式需要什么条件,信贷服务,额度管理,担保方式,短文本,简单,short,"担保方式, 条件",0.81
1408,基金赎回需要什么条件,投资理财,基金投资,基金赎回,短文本,简单,short,"基金赎回, 基金, 条件",0.91
1317,风险提示需要什么条件,风险合规,风险评估,风险提示,短文本,简单,short,"风险提示, 风险, 条件",0.91
1899,请问额度查询怎么操作,信贷服务,额度管理,额度查询,短文本,简单,short,"额度查询, 额度, 查询",0.98
1688,开放式基金的申购流程是什么,投资理财,基金投资,开放式基金,短文本,简单,short,"开放式基金, 基金, 流程",0.93
1580,我对人寿保险很感兴趣，请问能介绍一下吗？我想知道相关的具体要求和办理流程,投资理财,保险规划,人寿保险,中等文本,简单,medium,"人寿保险, 保险, 办理, 流程",0.83
1095,请问持仓分析怎么操作,投资理财,股票投资,持仓分析,短文本,简单,short,持仓分析,0.89
1364,请问结构性存款和其他类似服务相比有什么优势？我想做一个详细的了解和对比，看看哪个更适合我的需求,投资理财,理财产品,结构性存款,中等文本,中等,medium,"结构性存款, 存款",0.85
1237,请问预期收益怎么操作,产品咨询,收益计算,预期收益,短文本,简单,short,"预期收益, 收益",0.97
1230,请问交易记录怎么操作,交易服务,交易查询,交易记录,短文本,简单,short,交易记录,1.0
1395,我想了解A股交易的相关信息,投资理财,股票投资,A股交易,短文本,简单,short,A股交易,0.96
1936,合规要求的具体流程是什么,风险合规,合规咨询,合规要求,短文本,简单,short,"合规要求, 流程",0.99
1577,转账限额的具体流程是什么,账户服务,权限设置,转账限额,短文本,简单,short,"转账限额, 转账, 流程",1.0
1518,请问实名认证怎么操作,账户服务,安全验证,实名认证,短文本,简单,short,实名认证,0.91
1259,请问财产保险和其他类似服务相比有什么优势？我想做一个详细的了解和对比，看看哪个更适合我的需求,投资理财,保险规划,财产保险,中等文本,中等,medium,"财产保险, 保险",0.95
1744,债券基金适合长期持有吗,投资理财,基金投资,债券基金,短文本,简单,short,"债券基金, 基金",0.85
1449,我对新股申购很感兴趣，请问能介绍一下吗？我想知道相关的具体要求和办理流程,投资理财,股票投资,新股申购,中等文本,简单,medium,"新股申购, 办理, 流程",0.8
1138,美股交易的具体流程是什么,投资理财,股票投资,美股交易,短文本,简单,short,"美股交易, 流程",0.82
1234,请问预期收益型怎么操作,投资理财,理财产品,预期收益型,短文本,简单,short,"预期收益型, 收益",0.82
1781,我想了解复利计算的相关信息,产品咨询,收益计算,复利计算,短文本,简单,short,复利计算,1.0
1632,反洗钱要提供什么材料,风险合规,合规咨询,反洗钱,短文本,简单,short,"反洗钱, 材料",0.82
1372,开放式基金怎么买,投资理财,基金投资,开放式基金,短文本,简单,short,"开放式基金, 基金",0.99
1043,请问低风险产品怎么操作,产品咨询,产品推荐,低风险产品,短文本,简单,short,"低风险产品, 风险",0.88
1054,信息披露查询需要什么条件,风险合规,信息披露,信息披露查询,短文本,简单,short,"信息披露查询, 查询, 条件",0.97
1297,请问人寿保险怎么操作,投资理财,保险规划,人寿保险,短文本,简单,short,"人寿保险, 保险",0.82
1996,请问额度查询和其他类似服务相比有什么优势？我想做一个详细的了解和对比，看看哪个更适合我的需求,信贷服务,额度管理,额度查询,中等文本,简单,medium,"额度查询, 额度, 查询",0.86
1994,我想了解办卡申请的相关信息,信贷服务,信用卡服务,办卡申请,短文本,简单,short,"办卡申请, 申请",0.83
1638,代扣取消需要什么条件,交易服务,代扣代缴,代扣取消,短文本,简单,short,"代扣取消, 条件",0.92
1578,开户需要本人去银行吗？能不能在手机上直接开户？需要做人脸识别吗,账户服务,开户注销,个人开户,中等文本,中等,medium,"个人开户, 开户",0.88
1985,我对转账限额很感兴趣，请问能介绍一下吗？我想知道相关的具体要求和办理流程,账户服务,权限设置,转账限额,中等文本,简单,medium,"转账限额, 转账, 办理, 流程",0.89
1137,请问大额存单怎么操作,投资理财,理财产品,大额存单,短文本,简单,short,大额存单,0.87
1405,请问流动资金贷款怎么操作,信贷服务,企业贷款,流动资金贷款,短文本,简单,short,"流动资金贷款, 贷款",0.8
1649,风险评估怎么做,投资理财,资产配置,风险评估,短文本,简单,short,"风险评估, 风险",0.89
1689,行内转账限额是多少,交易服务,转账汇款,行内转账,短文本,简单,short,"行内转账, 转账",0.81
1165,请问信息披露查询和其他类似服务相比有什么优势？我想做一个详细的了解和对比，看看哪个更适合我的需求,风险合规,信息披露,信息披露查询,中等文本,中等,medium,"信息披露查询, 查询",0.85
1359,基金定投多少钱合适,投资理财,基金投资,基金定投,短文本,简单,short,"基金定投, 基金",0.82
1329,手机银行能充值吗,交易服务,支付缴费,手机充值,短文本,简单,short,手机充值,0.94
1346,美股交易的具体流程是什么,投资理财,股票投资,美股交易,短文本,简单,short,"美股交易, 流程",0.94
1593,指数基金的费率大概是多少？包括管理费、托管费、申购费和赎回费，还有指数增强型基金和普通指数基金的区别,投资理财,基金投资,指数基金,中等文本,简单,medium,"指数基金, 费率, 基金",0.92
1116,我想了解风险测评的相关信息,风险合规,风险评估,风险测评,短文本,简单,short,"风险测评, 风险",0.8
1314,请问人寿保险怎么操作,投资理财,保险规划,人寿保险,短文本,简单,short,"人寿保险, 保险",0.88
1621,我想了解收益率对比的相关信息,产品咨询,产品对比,收益率对比,短文本,简单,short,"收益率对比, 收益",0.96
1926,我对交易权限很感兴趣，请问能介绍一下吗？我想知道相关的具体要求和办理流程,账户服务,权限设置,交易权限,中等文本,中等,medium,"交易权限, 办理, 流程",0.91
1982,我对短信验证很感兴趣，请问能介绍一下吗？我想知道相关的具体要求和办理流程,账户服务,安全验证,短信验证,中等文本,中等,medium,"短信验证, 办理, 流程",0.94
1573,我对热门产品很感兴趣，请问能介绍一下吗？我想知道相关的具体要求和办理流程,产品咨询,产品推荐,热门产品,中等文本,中等,medium,"热门产品, 办理, 流程",0.84
1191,我想了解港股通的相关信息,投资理财,股票投资,港股通,短文本,简单,short,港股通,0.86
1228,我对费用对比很感兴趣，请问能介绍一下吗？我想知道相关的具体要求和办理流程,产品咨询,产品对比,费用对比,中等文本,中等,medium,"费用对比, 办理, 流程",0.87
1424,请问人脸识别怎么操作,账户服务,安全验证,人脸识别,短文本,简单,short,人脸识别,0.92
1365,话费充值到账时间是多久？刚充了话费还没到账，请问要等多久,交易服务,支付缴费,手机充值,短文本,简单,short,手机充值,0.93
1001,我对交通罚款很感兴趣，请问能介绍一下吗？我想知道相关的具体要求和办理流程,交易服务,支付缴费,交通罚款,中等文本,中等,medium,"交通罚款, 办理, 流程",0.83
1579,实际收益的具体流程是什么,产品咨询,收益计算,实际收益,短文本,简单,short,"实际收益, 收益, 流程",0.99
1402,车险需要什么条件,投资理财,保险规划,车险,短文本,简单,short,"车险, 条件",0.91
1562,我想了解持仓分析的相关信息,投资理财,股票投资,持仓分析,短文本,简单,short,持仓分析,0.92
1576,保险理赔的具体流程是什么,投资理财,保险规划,保险理赔,短文本,简单,short,"保险理赔, 保险, 流程",0.99
1613,我对实名认证很感兴趣，请问能介绍一下吗？我想知道相关的具体要求和办理流程,账户服务,安全验证,实名认证,中等文本,简单,medium,"实名认证, 办理, 流程",0.83
1567,充值话费有优惠吗,交易服务,支付缴费,手机充值,短文本,简单,short,手机充值,0.85
1262,我对结构性存款很感兴趣，请问能介绍一下吗？我想知道相关的具体要求和办理流程,投资理财,理财产品,结构性存款,中等文本,简单,medium,"结构性存款, 存款, 办理, 流程",0.89
1321,我想了解抵押贷的相关信息,信贷服务,个人贷款,抵押贷,短文本,简单,short,抵押贷,0.83
1701,请问额度调整怎么操作,信贷服务,额度管理,额度调整,短文本,简单,short,"额度调整, 额度",0.92
1349,请问交易权限怎么操作,账户服务,权限设置,交易权限,短文本,简单,short,交易权限,1.0
1059,大额存单需要什么条件,投资理财,理财产品,大额存单,短文本,简单,short,"大额存单, 条件",0.87
1332,请问人脸识别和其他类似服务相比有什么优势？我想做一个详细的了解和对比，看看哪个更适合我的需求,账户服务,安全验证,人脸识别,中等文本,中等,medium,人脸识别,0.9
1169,我想了解临时额度的相关信息,信贷服务,信用卡服务,临时额度,短文本,简单,short,"临时额度, 额度",0.97
1194,我想了解基金转换的相关信息,投资理财,基金投资,基金转换,短文本,简单,short,"基金转换, 基金",0.98
1404,请问资产配置建议怎么操作,投资理财,资产配置,资产配置建议,短文本,简单,short,资产配置建议,0.82
1970,基金定投怎么设置,投资理财,基金投资,基金定投,短文本,简单,short,"基金定投, 基金",0.9
1338,经营贷需要什么条件,信贷服务,个人贷款,经营贷,短文本,简单,short,"经营贷, 条件",0.89
1540,账户注销的具体流程是什么,账户服务,开户注销,账户注销,短文本,简单,short,"账户注销, 流程",0.89
1111,我对港股通很感兴趣，请问能介绍一下吗？我想知道相关的具体要求和办理流程,投资理财,股票投资,港股通,中等文本,中等,medium,"港股通, 办理, 流程",0.97
1680,请问管理费和其他类似服务相比有什么优势？我想做一个详细的了解和对比，看看哪个更适合我的需求,产品咨询,费用说明,管理费,中等文本,简单,medium,管理费,0.96
1256,我对交通罚款很感兴趣，请问能介绍一下吗？我想知道相关的具体要求和办理流程,交易服务,支付缴费,交通罚款,中等文本,简单,medium,"交通罚款, 办理, 流程",0.85
1693,我想了解产品公告的相关信息,风险合规,信息披露,产品公告,短文本,简单,short,产品公告,0.97
1049,我对港股通很感兴趣，请问能介绍一下吗？我想知道相关的具体要求和办理流程,投资理财,股票投资,港股通,中等文本,简单,medium,"港股通, 办理, 流程",0.82
1481,我想了解密码找回的相关信息,账户服务,密码管理,密码找回,短文本,简单,short,"密码找回, 密码",0.95
1739,消费贷需要什么条件,信贷服务,个人贷款,消费贷,短文本,简单,short,"消费贷, 条件",0.99
1908,请问抵押贷和其他类似服务相比有什么优势？我想做一个详细的了解和对比，看看哪个更适合我的需求,信贷服务,个人贷款,抵押贷,中等文本,中等,medium,抵押贷,0.86
1193,请问电子回单怎么操作,交易服务,交易查询,电子回单,短文本,简单,short,电子回单,0.94
1174,货币基金需要什么条件,投资理财,基金投资,货币基金,短文本,简单,short,"货币基金, 基金, 条件",0.95
1030,大额交易需要申报吗,风险合规,合规咨询,反洗钱,短文本,简单,short,反洗钱,0.89
1071,风险测评的具体流程是什么,风险合规,风险评估,风险测评,短文本,简单,short,"风险测评, 风险, 流程",0.81
1202,请问监管政策怎么操作,风险合规,合规咨询,监管政策,短文本,简单,short,监管政策,1.0
1851,临时额度和固定额度的区别,信贷服务,信用卡服务,额度提升,短文本,简单,short,"额度提升, 额度",0.98
1414,请问预期收益和其他类似服务相比有什么优势？我想做一个详细的了解和对比，看看哪个更适合我的需求,产品咨询,收益计算,预期收益,中等文本,中等,medium,"预期收益, 收益",0.89
1932,实际收益需要什么条件,产品咨询,收益计算,实际收益,短文本,简单,short,"实际收益, 收益, 条件",0.96
1357,风险等级对比的具体流程是什么,产品咨询,产品对比,风险等级对比,短文本,简单,short,"风险等级对比, 风险, 流程",1.0
1336,预期收益型的具体流程是什么,投资理财,理财产品,预期收益型,短文本,简单,short,"预期收益型, 收益, 流程",0.87
1822,我想了解手续费的相关信息,产品咨询,费用说明,手续费,短文本,简单,short,手续费,1.0
1807,我想了解港股通的相关信息,投资理财,股票投资,港股通,短文本,简单,short,港股通,0.87
1040,网上银行怎么开户,账户服务,开户注销,个人开户,短文本,简单,short,"个人开户, 开户",0.96
1263,我想了解信用贷的相关信息,信贷服务,个人贷款,信用贷,短文本,简单,short,信用贷,0.83
1003,我想了解车险的相关信息,投资理财,保险规划,车险,短文本,简单,short,车险,0.94
1625,我对风险等级对比很感兴趣，请问能介绍一下吗？我想知道相关的具体要求和办理流程,产品咨询,产品对比,风险等级对比,中等文本,中等,medium,"风险等级对比, 风险, 办理, 流程",0.88
1824,指数基金怎么选,投资理财,基金投资,指数基金,短文本,简单,short,"指数基金, 基金",0.94
1592,充值没到账怎么办,交易服务,支付缴费,手机充值,短文本,简单,short,手机充值,0.99
1978,我想了解风险等级的相关信息,风险合规,风险评估,风险等级,短文本,简单,short,"风险等级, 风险",0.97
1785,请问净值型理财和其他类似服务相比有什么优势？我想做一个详细的了解和对比，看看哪个更适合我的需求,投资理财,理财产品,净值型理财,中等文本,简单,medium,"净值型理财, 理财",0.82
1485,房贷可以提前还款吗,信贷服务,个人贷款,房贷,短文本,简单,short,房贷,0.87
1640,信息披露查询需要什么条件,风险合规,信息披露,信息披露查询,短文本,简单,short,"信息披露查询, 查询, 条件",0.91
1582,请问投资组合怎么操作,投资理财,资产配置,投资组合,短文本,简单,short,投资组合,0.96
1924,贷款审批的具体流程是什么,信贷服务,企业贷款,贷款审批,短文本,简单,short,"贷款审批, 贷款, 流程",0.91
1172,手续费的具体流程是什么,产品咨询,费用说明,手续费,短文本,简单,short,"手续费, 流程",0.87
1605,赎回费的具体流程是什么,产品咨询,费用说明,赎回费,短文本,简单,short,"赎回费, 流程",0.89
1881,公积金贷款和商贷的区别,信贷服务,个人贷款,房贷,短文本,简单,short,"房贷, 贷款",0.95
1288,货币基金的具体流程是什么,投资理财,基金投资,货币基金,短文本,简单,short,"货币基金, 基金, 流程",0.98
1575,请问跨境汇款怎么操作,交易服务,转账汇款,跨境汇款,短文本,简单,short,跨境汇款,0.83
1097,我想了解进取型产品的相关信息,产品咨询,产品推荐,进取型产品,短文本,简单,short,进取型产品,0.95
1616,请问额度查询和其他类似服务相比有什么优势？我想做一个详细的了解和对比，看看哪个更适合我的需求,信贷服务,额度管理,额度查询,中等文本,简单,medium,"额度查询, 额度, 查询",0.82
1543,跨境汇款的具体流程是什么,交易服务,转账汇款,跨境汇款,短文本,简单,short,"跨境汇款, 流程",0.96
1103,保险理赔的具体流程是什么,投资理财,保险规划,保险理赔,短文本,简单,short,"保险理赔, 保险, 流程",0.95
1883,我对健康保险很感兴趣，请问能介绍一下吗？我想知道相关的具体要求和办理流程,投资理财,保险规划,健康保险,中等文本,简单,medium,"健康保险, 保险, 办理, 流程",0.89
1612,请问美股交易怎么操作,投资理财,股票投资,美股交易,短文本,简单,short,美股交易,0.83
1176,费用对比的具体流程是什么,产品咨询,产品对比,费用对比,短文本,简单,short,"费用对比, 流程",0.85
1130,我的信用卡额度是1万，用了半年了，每次都按时还款，请问能提升到多少额度？需要什么条件,信贷服务,信用卡服务,额度提升,中等文本,中等,medium,"额度提升, 额度, 信用卡, 条件",0.93
1819,请问产品说明书怎么操作,风险合规,信息披露,产品说明书,短文本,简单,short,产品说明书,0.95
1477,充值话费有优惠吗,交易服务,支付缴费,手机充值,短文本,简单,short,手机充值,0.86
1017,热门产品需要什么条件,产品咨询,产品推荐,热门产品,短文本,简单,short,"热门产品, 条件",0.91
1470,基金转换需要什么条件,投资理财,基金投资,基金转换,短文本,简单,short,"基金转换, 基金, 条件",0.96
1965,企业开户需要什么条件,账户服务,开户注销,企业开户,短文本,简单,short,"企业开户, 开户, 条件",0.95
1246,费用对比需要什么条件,产品咨询,产品对比,费用对比,短文本,简单,short,"费用对比, 条件",0.98
1830,抵押贷需要什么条件,信贷服务,个人贷款,抵押贷,短文本,简单,short,"抵押贷, 条件",0.82
1125,我想了解货币基金的相关信息,投资理财,基金投资,货币基金,短文本,简单,short,"货币基金, 基金",0.92
1832,我想了解股票查询的相关信息,投资理财,股票投资,股票查询,短文本,简单,short,"股票查询, 股票, 查询",0.85
1554,开户要带什么材料,账户服务,开户注销,个人开户,短文本,简单,short,"个人开户, 开户, 材料",0.94
1672,我想了解税费缴纳的相关信息,交易服务,支付缴费,税费缴纳,短文本,简单,short,税费缴纳,0.99
1896,投资组合需要什么条件,投资理财,资产配置,投资组合,短文本,简单,short,"投资组合, 条件",0.91
1556,请问热门产品和其他类似服务相比有什么优势？我想做一个详细的了解和对比，看看哪个更适合我的需求,产品咨询,产品推荐,热门产品,中等文本,简单,medium,热门产品,0.87
1206,我对账单分期很感兴趣，请问能介绍一下吗？我想知道相关的具体要求和办理流程,信贷服务,信用卡服务,账单分期,中等文本,中等,medium,"账单分期, 办理, 流程",0.87
1555,临时额度需要什么条件,信贷服务,信用卡服务,临时额度,短文本,简单,short,"临时额度, 额度, 条件",0.94
1376,请问交易权限怎么操作,账户服务,权限设置,交易权限,短文本,简单,short,交易权限,0.99
1156,请问新股申购怎么操作,投资理财,股票投资,新股申购,短文本,简单,short,新股申购,0.83
1999,请问信用贷和其他类似服务相比有什么优势？我想做一个详细的了解和对比，看看哪个更适合我的需求,信贷服务,个人贷款,信用贷,中等文本,中等,medium,信用贷,0.8
1472,承受能力的具体流程是什么,风险合规,风险评估,承受能力,短文本,简单,short,"承受能力, 流程",0.87
1252,我想了解大额存单的相关信息,投资理财,理财产品,大额存单,短文本,简单,short,大额存单,0.98
1865,请问密码找回怎么操作,账户服务,密码管理,密码找回,短文本,简单,short,"密码找回, 密码",1.0
1434,短信验证的具体流程是什么,账户服务,安全验证,短信验证,短文本,简单,short,"短信验证, 流程",0.89
1210,我想了解身份识别的相关信息,风险合规,合规咨询,身份识别,短文本,简单,short,身份识别,0.91
1758,请问财产保险怎么操作,投资理财,保险规划,财产保险,短文本,简单,short,"财产保险, 保险",0.93
1561,我想做基金定投，每月定投2000元，请问是选周定投好还是月定投好？,投资理财,基金投资,基金定投,中等文本,简单,medium,"基金定投, 基金",0.94
1552,我对车险很感兴趣，请问能介绍一下吗？我想知道相关的具体要求和办理流程,投资理财,保险规划,车险,中等文本,中等,medium,"车险, 办理, 流程",0.92
1327,请问预期收益怎么操作,产品咨询,收益计算,预期收益,短文本,简单,short,"预期收益, 收益",0.96
1750,我对承受能力很感兴趣，请问能介绍一下吗？我想知道相关的具体要求和办理流程,风险合规,风险评估,承受能力,中等文本,中等,medium,"承受能力, 办理, 流程",0.91
1123,请问美股交易怎么操作,投资理财,股票投资,美股交易,短文本,简单,short,美股交易,0.97
1652,请问开放式基金的净值是怎么计算的？我关注的是每日净值更新时间以及计算公式，还有影响净值波动的因素有哪些,投资理财,基金投资,开放式基金,中等文本,中等,medium,"开放式基金, 基金",0.9
1029,请问实时转账和其他类似服务相比有什么优势？我想做一个详细的了解和对比，看看哪个更适合我的需求,交易服务,转账汇款,实时转账,中等文本,中等,medium,"实时转账, 转账",0.96
1511,我想了解产品优缺点的相关信息,产品咨询,产品对比,产品优缺点,短文本,简单,short,产品优缺点,0.88
1759,请问固定资产贷款怎么操作,信贷服务,企业贷款,固定资产贷款,短文本,简单,short,"固定资产贷款, 贷款",0.87
1021,我想了解赎回费的相关信息,产品咨询,费用说明,赎回费,短文本,简单,short,赎回费,0.82
1181,请问支付密码怎么操作,账户服务,密码管理,支付密码,短文本,简单,short,"支付密码, 密码",0.96
1460,账单分期的具体流程是什么,信贷服务,信用卡服务,账单分期,短文本,简单,short,"账单分期, 流程",0.94
1064,请问信用贷怎么操作,信贷服务,个人贷款,信用贷,短文本,简单,short,信用贷,0.92
1743,车险的具体流程是什么,投资理财,保险规划,车险,短文本,简单,short,"车险, 流程",0.83
1421,请问美股交易和其他类似服务相比有什么优势？我想做一个详细的了解和对比，看看哪个更适合我的需求,投资理财,股票投资,美股交易,中等文本,中等,medium,美股交易,0.81
1152,风险评估有效期多久,投资理财,资产配置,风险评估,短文本,简单,short,"风险评估, 风险",1.0
1849,请问港股通和其他类似服务相比有什么优势？我想做一个详细的了解和对比，看看哪个更适合我的需求,投资理财,股票投资,港股通,中等文本,中等,medium,港股通,0.95
1660,我想了解实名认证的相关信息,账户服务,安全验证,实名认证,短文本,简单,short,实名认证,0.91
1487,热门产品需要什么条件,产品咨询,产品推荐,热门产品,短文本,简单,short,"热门产品, 条件",0.93
1694,权限冻结的具体流程是什么,账户服务,权限设置,权限冻结,短文本,简单,short,"权限冻结, 流程",0.89
1547,请问支付密码怎么操作,账户服务,密码管理,支付密码,短文本,简单,short,"支付密码, 密码",0.94
1962,请问银行理财怎么操作,投资理财,理财产品,银行理财,短文本,简单,short,"银行理财, 理财",0.99
1708,我想了解风险提示的相关信息,风险合规,风险评估,风险提示,短文本,简单,short,"风险提示, 风险",0.83
1989,我对结构性存款很感兴趣，请问能介绍一下吗？我想知道相关的具体要求和办理流程,投资理财,理财产品,结构性存款,中等文本,简单,medium,"结构性存款, 存款, 办理, 流程",0.85
1646,投资组合需要什么条件,投资理财,资产配置,投资组合,短文本,简单,short,"投资组合, 条件",0.89
1833,盾卡管理的具体流程是什么,账户服务,安全验证,盾卡管理,短文本,简单,short,"盾卡管理, 流程",0.84
1277,授信管理需要什么条件,信贷服务,额度管理,授信管理,短文本,简单,short,"授信管理, 条件",0.94
1192,请问经营贷怎么操作,信贷服务,个人贷款,经营贷,短文本,简单,short,经营贷,0.96
1005,请问产品公告和其他类似服务相比有什么优势？我想做一个详细的了解和对比，看看哪个更适合我的需求,风险合规,信息披露,产品公告,中等文本,简单,medium,产品公告,0.94
1491,信用卡提额被拒怎么办,信贷服务,信用卡服务,额度提升,短文本,简单,short,"额度提升, 信用卡",0.86
1278,实时转账需要什么条件,交易服务,转账汇款,实时转账,短文本,简单,short,"实时转账, 转账, 条件",0.95
1025,请问监管政策和其他类似服务相比有什么优势？我想做一个详细的了解和对比，看看哪个更适合我的需求,风险合规,合规咨询,监管政策,中等文本,中等,medium,监管政策,0.88
1915,我想了解代扣查询的相关信息,交易服务,代扣代缴,代扣查询,短文本,简单,short,"代扣查询, 查询",0.86
1674,我对管理费很感兴趣，请问能介绍一下吗？我想知道相关的具体要求和办理流程,产品咨询,费用说明,管理费,中等文本,中等,medium,"管理费, 办理, 流程",0.94
1589,密码找回的具体流程是什么,账户服务,密码管理,密码找回,短文本,简单,short,"密码找回, 密码, 流程",0.88
1374,我想了解合规要求的相关信息,风险合规,合规咨询,合规要求,短文本,简单,short,合规要求,0.96
1431,进取型产品需要什么条件,产品咨询,产品推荐,进取型产品,短文本,简单,short,"进取型产品, 条件",0.94
1987,我对交易记录很感兴趣，请问能介绍一下吗？我想知道相关的具体要求和办理流程,交易服务,交易查询,交易记录,中等文本,简单,medium,"交易记录, 办理, 流程",0.88
1073,我对定期调整很感兴趣，请问能介绍一下吗？我想知道相关的具体要求和办理流程,投资理财,资产配置,定期调整,中等文本,中等,medium,"定期调整, 办理, 流程",0.81
1077,密码重置的具体流程是什么,账户服务,密码管理,密码重置,短文本,简单,short,"密码重置, 密码, 流程",0.93
1401,我有一笔10万的大额转账，为什么会要求我提供资金来源和用途证明,风险合规,合规咨询,反洗钱,中等文本,简单,medium,"反洗钱, 转账",0.99
1300,我对货币基金很感兴趣，请问能介绍一下吗？我想知道相关的具体要求和办理流程,投资理财,基金投资,货币基金,中等文本,中等,medium,"货币基金, 基金, 办理, 流程",0.93
1604,我想了解风险提示书的相关信息,风险合规,信息披露,风险提示书,短文本,简单,short,"风险提示书, 风险",0.94
1009,请问复利计算怎么操作,产品咨询,收益计算,复利计算,短文本,简单,short,复利计算,0.93
1355,请问基金赎回和其他类似服务相比有什么优势？我想做一个详细的了解和对比，看看哪个更适合我的需求,投资理财,基金投资,基金赎回,中等文本,简单,medium,"基金赎回, 基金",0.9
1198,我对代扣查询很感兴趣，请问能介绍一下吗？我想知道相关的具体要求和办理流程,交易服务,代扣代缴,代扣查询,中等文本,简单,medium,"代扣查询, 查询, 办理, 流程",0.87
1323,首套房和二套房的房贷利率差多少？我现在有一套房还在贷款中，想再买一套的话首付比例和利率分别是多少,信贷服务,个人贷款,房贷,中等文本,中等,medium,"房贷, 利率, 贷款",0.94
1295,我对休眠账户激活很感兴趣，请问能介绍一下吗？我想知道相关的具体要求和办理流程,账户服务,开户注销,休眠账户激活,中等文本,简单,medium,"休眠账户激活, 办理, 流程",0.91
1843,我想了解承受能力的相关信息,风险合规,风险评估,承受能力,短文本,简单,short,承受能力,0.91
1661,我想了解预期收益的相关信息,产品咨询,收益计算,预期收益,短文本,简单,short,"预期收益, 收益",0.89
1975,股票查询的具体流程是什么,投资理财,股票投资,股票查询,短文本,简单,short,"股票查询, 股票, 查询, 流程",0.96
1457,开户需要本人去银行吗？能不能在手机上直接开户？需要做人脸识别吗,账户服务,开户注销,个人开户,中等文本,中等,medium,"个人开户, 开户",0.95
1392,请问实际收益怎么操作,产品咨询,收益计算,实际收益,短文本,简单,short,"实际收益, 收益",0.93
1647,额度查询的具体流程是什么,信贷服务,额度管理,额度查询,短文本,简单,short,"额度查询, 额度, 查询, 流程",0.9
1294,请问费用对比和其他类似服务相比有什么优势？我想做一个详细的了解和对比，看看哪个更适合我的需求,产品咨询,产品对比,费用对比,中等文本,中等,medium,费用对比,0.92
1308,我对承受能力很感兴趣，请问能介绍一下吗？我想知道相关的具体要求和办理流程,风险合规,风险评估,承受能力,中等文本,简单,medium,"承受能力, 办理, 流程",0.83
1797,请问密码重置和其他类似服务相比有什么优势？我想做一个详细的了解和对比，看看哪个更适合我的需求,账户服务,密码管理,密码重置,中等文本,简单,medium,"密码重置, 密码",0.96
1238,请问基金转换和其他类似服务相比有什么优势？我想做一个详细的了解和对比，看看哪个更适合我的需求,投资理财,基金投资,基金转换,中等文本,中等,medium,"基金转换, 基金",0.85
1211,我想装修房子需要30万，请问消费贷的申请流程是什么？需要提供哪些材料？大概多久能批下来,信贷服务,个人贷款,消费贷,中等文本,简单,medium,"消费贷, 申请, 流程, 材料",0.98
1436,支付密码的具体流程是什么,账户服务,密码管理,支付密码,短文本,简单,short,"支付密码, 密码, 流程",0.9
1218,担保方式的具体流程是什么,信贷服务,额度管理,担保方式,短文本,简单,short,"担保方式, 流程",0.92
1928,请问额度查询和其他类似服务相比有什么优势？我想做一个详细的了解和对比，看看哪个更适合我的需求,信贷服务,额度管理,额度查询,中等文本,简单,medium,"额度查询, 额度, 查询",0.9
1113,请问权限冻结和其他类似服务相比有什么优势？我想做一个详细的了解和对比，看看哪个更适合我的需求,账户服务,权限设置,权限冻结,中等文本,中等,medium,权限冻结,0.95
1821,我对临时额度很感兴趣，请问能介绍一下吗？我想知道相关的具体要求和办理流程,信贷服务,信用卡服务,临时额度,中等文本,简单,medium,"临时额度, 额度, 办理, 流程",0.96
1012,账户注销需要什么条件,账户服务,开户注销,账户注销,短文本,简单,short,"账户注销, 条件",0.91
1551,我想了解信息披露查询的相关信息,风险合规,信息披露,信息披露查询,短文本,简单,short,"信息披露查询, 查询",0.81
1642,复利计算需要什么条件,产品咨询,收益计算,复利计算,短文本,简单,short,"复利计算, 条件",0.91
1371,请问净值型理财和其他类似服务相比有什么优势？我想做一个详细的了解和对比，看看哪个更适合我的需求,投资理财,理财产品,净值型理财,中等文本,简单,medium,"净值型理财, 理财",0.88
1055,请问健康保险怎么操作,投资理财,保险规划,健康保险,短文本,简单,short,"健康保险, 保险",0.84
1345,请问资产配置建议和其他类似服务相比有什么优势？我想做一个详细的了解和对比，看看哪个更适合我的需求,投资理财,资产配置,资产配置建议,中等文本,简单,medium,资产配置建议,0.96
1953,请问产品优缺点怎么操作,产品咨询,产品对比,产品优缺点,短文本,简单,short,产品优缺点,0.99
1320,我想了解定期调整的相关信息,投资理财,资产配置,定期调整,短文本,简单,short,定期调整,0.97
1665,我想了解银行理财的相关信息,投资理财,理财产品,银行理财,短文本,简单,short,"银行理财, 理财",0.83
1902,自动缴费的具体流程是什么,交易服务,代扣代缴,自动缴费,短文本,简单,short,"自动缴费, 缴费, 流程",0.87
1266,风险测评需要什么条件,风险合规,风险评估,风险测评,短文本,简单,short,"风险测评, 风险, 条件",0.89
1770,我想了解结构性存款的相关信息,投资理财,理财产品,结构性存款,短文本,简单,short,"结构性存款, 存款",0.92
1096,授信管理需要什么条件,信贷服务,额度管理,授信管理,短文本,简单,short,"授信管理, 条件",0.88
1804,贷款审批需要什么条件,信贷服务,企业贷款,贷款审批,短文本,简单,short,"贷款审批, 贷款, 条件",0.84
1624,请问身份识别和其他类似服务相比有什么优势？我想做一个详细的了解和对比，看看哪个更适合我的需求,风险合规,合规咨询,身份识别,中等文本,简单,medium,身份识别,0.82
1132,请问临时额度和其他类似服务相比有什么优势？我想做一个详细的了解和对比，看看哪个更适合我的需求,信贷服务,信用卡服务,临时额度,中等文本,中等,medium,"临时额度, 额度",0.98
1167,支付密码的具体流程是什么,账户服务,密码管理,支付密码,短文本,简单,short,"支付密码, 密码, 流程",0.94
1208,登录密码忘了怎么办,账户服务,密码管理,登录密码,短文本,简单,short,"登录密码, 密码",0.97
1726,我对贷款审批很感兴趣，请问能介绍一下吗？我想知道相关的具体要求和办理流程,信贷服务,企业贷款,贷款审批,中等文本,中等,medium,"贷款审批, 贷款, 办理, 流程",0.87
1815,请问持仓分析和其他类似服务相比有什么优势？我想做一个详细的了解和对比，看看哪个更适合我的需求,投资理财,股票投资,持仓分析,中等文本,简单,medium,持仓分析,0.89
1509,临时额度需要什么条件,信贷服务,信用卡服务,临时额度,短文本,简单,short,"临时额度, 额度, 条件",0.93
1410,我想用手机银行交家里的水电费和燃气费，请问怎么操作？需要绑定户号吗,交易服务,支付缴费,水电煤缴费,中等文本,中等,medium,水电煤缴费,0.83
1945,请问财产保险和其他类似服务相比有什么优势？我想做一个详细的了解和对比，看看哪个更适合我的需求,投资理财,保险规划,财产保险,中等文本,中等,medium,"财产保险, 保险",0.93
1948,健康保险需要什么条件,投资理财,保险规划,健康保险,短文本,简单,short,"健康保险, 保险, 条件",0.93
1265,赎回费需要什么条件,产品咨询,费用说明,赎回费,短文本,简单,short,"赎回费, 条件",0.81
1782,我对流动资金贷款很感兴趣，请问能介绍一下吗？我想知道相关的具体要求和办理流程,信贷服务,企业贷款,流动资金贷款,中等文本,简单,medium,"流动资金贷款, 贷款, 办理, 流程",0.86
1671,对账单的具体流程是什么,交易服务,交易查询,对账单,短文本,简单,short,"对账单, 流程",0.98
1094,我对风险测评很感兴趣，请问能介绍一下吗？我想知道相关的具体要求和办理流程,风险合规,风险评估,风险测评,中等文本,简单,medium,"风险测评, 风险, 办理, 流程",0.87
1738,进取型产品需要什么条件,产品咨询,产品推荐,进取型产品,短文本,简单,short,"进取型产品, 条件",0.96
1148,怎么交水电费,交易服务,支付缴费,水电煤缴费,短文本,简单,short,水电煤缴费,0.86
1725,消费贷能贷多少钱,信贷服务,个人贷款,消费贷,短文本,简单,short,消费贷,0.84
1074,实际收益的具体流程是什么,产品咨询,收益计算,实际收益,短文本,简单,short,"实际收益, 收益, 流程",0.89
1075,我对历史收益查询很感兴趣，请问能介绍一下吗？我想知道相关的具体要求和办理流程,产品咨询,收益计算,历史收益查询,中等文本,简单,medium,"历史收益查询, 收益, 查询, 办理, 流程",0.83
1633,我对港股通很感兴趣，请问能介绍一下吗？我想知道相关的具体要求和办理流程,投资理财,股票投资,港股通,中等文本,中等,medium,"港股通, 办理, 流程",0.99
1100,我对投资组合很感兴趣，请问能介绍一下吗？我想知道相关的具体要求和办理流程,投资理财,资产配置,投资组合,中等文本,中等,medium,"投资组合, 办理, 流程",0.98
1464,我对授信管理很感兴趣，请问能介绍一下吗？我想知道相关的具体要求和办理流程,信贷服务,额度管理,授信管理,中等文本,简单,medium,"授信管理, 办理, 流程",0.83
1036,请问实际收益怎么操作,产品咨询,收益计算,实际收益,短文本,简单,short,"实际收益, 收益",0.8
1492,我想了解合规要求的相关信息,风险合规,合规咨询,合规要求,短文本,简单,short,合规要求,0.99
1257,请问历史收益查询怎么操作,产品咨询,收益计算,历史收益查询,短文本,简单,short,"历史收益查询, 收益, 查询",0.86
1114,我对账户注销很感兴趣，请问能介绍一下吗？我想知道相关的具体要求和办理流程,账户服务,开户注销,账户注销,中等文本,中等,medium,"账户注销, 办理, 流程",0.85
1264,我想了解临时额度的相关信息,信贷服务,信用卡服务,临时额度,短文本,简单,short,"临时额度, 额度",0.94
1934,请问实名认证和其他类似服务相比有什么优势？我想做一个详细的了解和对比，看看哪个更适合我的需求,账户服务,安全验证,实名认证,中等文本,中等,medium,实名认证,0.86
1735,企业开户需要什么条件,账户服务,开户注销,企业开户,短文本,简单,short,"企业开户, 开户, 条件",0.93
1024,我想了解财产保险的相关信息,投资理财,保险规划,财产保险,短文本,简单,short,"财产保险, 保险",0.9
1052,请问美股交易和其他类似服务相比有什么优势？我想做一个详细的了解和对比，看看哪个更适合我的需求,投资理财,股票投资,美股交易,中等文本,中等,medium,美股交易,0.98
1748,指数基金跟踪哪些指数,投资理财,基金投资,指数基金,短文本,简单,short,"指数基金, 基金",0.94
1109,请问支付密码怎么操作,账户服务,密码管理,支付密码,短文本,简单,short,"支付密码, 密码",0.81
1844,健康保险的具体流程是什么,投资理财,保险规划,健康保险,短文本,简单,short,"健康保险, 保险, 流程",0.89
1776,我想了解风险提示书的相关信息,风险合规,信息披露,风险提示书,短文本,简单,short,"风险提示书, 风险",0.86
1836,请问投资组合怎么操作,投资理财,资产配置,投资组合,短文本,简单,short,投资组合,0.82
1599,房贷可以提前还款吗,信贷服务,个人贷款,房贷,短文本,简单,short,房贷,0.88
1473,我对人脸识别很感兴趣，请问能介绍一下吗？我想知道相关的具体要求和办理流程,账户服务,安全验证,人脸识别,中等文本,简单,medium,"人脸识别, 办理, 流程",0.81
1007,请问定期调整和其他类似服务相比有什么优势？我想做一个详细的了解和对比，看看哪个更适合我的需求,投资理财,资产配置,定期调整,中等文本,中等,medium,定期调整,0.87
1639,我对A股交易很感兴趣，请问能介绍一下吗？我想知道相关的具体要求和办理流程,投资理财,股票投资,A股交易,中等文本,中等,medium,"A股交易, 办理, 流程",0.98
1627,支付密码的具体流程是什么,账户服务,密码管理,支付密码,短文本,简单,short,"支付密码, 密码, 流程",0.93
1396,我想了解实时转账的相关信息,交易服务,转账汇款,实时转账,短文本,简单,short,"实时转账, 转账",0.82
1666,赎回费需要什么条件,产品咨询,费用说明,赎回费,短文本,简单,short,"赎回费, 条件",0.97
1906,我想了解赎回费的相关信息,产品咨询,费用说明,赎回费,短文本,简单,short,赎回费,0.97
1983,请问新股申购和其他类似服务相比有什么优势？我想做一个详细的了解和对比，看看哪个更适合我的需求,投资理财,股票投资,新股申购,中等文本,简单,medium,新股申购,0.9
1500,预期收益的具体流程是什么,产品咨询,收益计算,预期收益,短文本,简单,short,"预期收益, 收益, 流程",0.92
1091,授信管理的具体流程是什么,信贷服务,额度管理,授信管理,短文本,简单,short,"授信管理, 流程",0.99
1622,我想了解新股申购的相关信息,投资理财,股票投资,新股申购,短文本,简单,short,新股申购,0.98
1053,基金赎回需要什么条件,投资理财,基金投资,基金赎回,短文本,简单,short,"基金赎回, 基金, 条件",0.82
1166,我想了解风险提示的相关信息,风险合规,风险评估,风险提示,短文本,简单,short,"风险提示, 风险",0.98
1065,我对基金转换很感兴趣，请问能介绍一下吗？我想知道相关的具体要求和办理流程,投资理财,基金投资,基金转换,中等文本,简单,medium,"基金转换, 基金, 办理, 流程",0.86
1635,我想了解账户注销的相关信息,账户服务,开户注销,账户注销,短文本,简单,short,账户注销,0.95
1981,信息披露查询需要什么条件,风险合规,信息披露,信息披露查询,短文本,简单,short,"信息披露查询, 查询, 条件",0.94
1159,人寿保险需要什么条件,投资理财,保险规划,人寿保险,短文本,简单,short,"人寿保险, 保险, 条件",0.89
1569,我想了解短信验证的相关信息,账户服务,安全验证,短信验证,短文本,简单,short,短信验证,0.89
1796,我想了解港股通的相关信息,投资理财,股票投资,港股通,短文本,简单,short,港股通,0.98
1128,请问低风险产品怎么操作,产品咨询,产品推荐,低风险产品,短文本,简单,short,"低风险产品, 风险",0.9
1516,请问美股交易和其他类似服务相比有什么优势？我想做一个详细的了解和对比，看看哪个更适合我的需求,投资理财,股票投资,美股交易,中等文本,简单,medium,美股交易,0.9
1099,定期调整需要什么条件,投资理财,资产配置,定期调整,短文本,简单,short,"定期调整, 条件",0.91
1013,进取型产品的具体流程是什么,产品咨询,产品推荐,进取型产品,短文本,简单,short,"进取型产品, 流程",0.97
1814,我想了解跨境汇款的相关信息,交易服务,转账汇款,跨境汇款,短文本,简单,short,跨境汇款,0.96
1799,风险测评是什么,投资理财,资产配置,风险评估,短文本,简单,short,"风险评估, 风险",0.92
1214,预约转账的具体流程是什么,交易服务,转账汇款,预约转账,短文本,简单,short,"预约转账, 转账, 流程",0.98
1645,经营贷需要什么条件,信贷服务,个人贷款,经营贷,短文本,简单,short,"经营贷, 条件",0.87
1979,人寿保险需要什么条件,投资理财,保险规划,人寿保险,短文本,简单,short,"人寿保险, 保险, 条件",0.81
1530,基金定投多少钱合适,投资理财,基金投资,基金定投,短文本,简单,short,"基金定投, 基金",0.83
1864,我对信息披露查询很感兴趣，请问能介绍一下吗？我想知道相关的具体要求和办理流程,风险合规,信息披露,信息披露查询,中等文本,中等,medium,"信息披露查询, 查询, 办理, 流程",0.83
1618,我对额度调整很感兴趣，请问能介绍一下吗？我想知道相关的具体要求和办理流程,信贷服务,额度管理,额度调整,中等文本,中等,medium,"额度调整, 额度, 办理, 流程",0.9
1339,请问代扣取消和其他类似服务相比有什么优势？我想做一个详细的了解和对比，看看哪个更适合我的需求,交易服务,代扣代缴,代扣取消,中等文本,中等,medium,代扣取消,0.85
1351,代扣取消需要什么条件,交易服务,代扣代缴,代扣取消,短文本,简单,short,"代扣取消, 条件",0.97
1253,我想了解盾卡管理的相关信息,账户服务,安全验证,盾卡管理,短文本,简单,short,盾卡管理,0.81
1251,请问保险理赔怎么操作,投资理财,保险规划,保险理赔,短文本,简单,short,"保险理赔, 保险",0.95
1862,我想了解意外险的相关信息,投资理财,保险规划,意外险,短文本,简单,short,意外险,0.83
1591,我想了解企业开户的相关信息,账户服务,开户注销,企业开户,短文本,简单,short,"企业开户, 开户",0.84
1069,复利计算的具体流程是什么,产品咨询,收益计算,复利计算,短文本,简单,short,"复利计算, 流程",0.89
1700,请问承受能力怎么操作,风险合规,风险评估,承受能力,短文本,简单,short,承受能力,0.97
1419,请问贸易融资和其他类似服务相比有什么优势？我想做一个详细的了解和对比，看看哪个更适合我的需求,信贷服务,企业贷款,贸易融资,中等文本,简单,medium,贸易融资,0.9
1520,我对手续费很感兴趣，请问能介绍一下吗？我想知道相关的具体要求和办理流程,产品咨询,费用说明,手续费,中等文本,简单,medium,"手续费, 办理, 流程",0.81
1451,新股申购的具体流程是什么,投资理财,股票投资,新股申购,短文本,简单,short,"新股申购, 流程",0.95
1038,请问实际收益怎么操作,产品咨询,收益计算,实际收益,短文本,简单,short,"实际收益, 收益",0.94
1305,开户时要做反洗钱身份识别，请问需要提供什么信息？为什么还要问我的职业和年收入,风险合规,合规咨询,反洗钱,中等文本,中等,medium,"反洗钱, 开户",0.97
1960,转账限额需要什么条件,账户服务,权限设置,转账限额,短文本,简单,short,"转账限额, 转账, 条件",0.83
1154,跨行转账手续费怎么收,交易服务,转账汇款,跨行转账,短文本,简单,short,"跨行转账, 转账, 手续费",0.84
1242,我想了解基金赎回的相关信息,投资理财,基金投资,基金赎回,短文本,简单,short,"基金赎回, 基金",0.84
1223,港股通需要什么条件,投资理财,股票投资,港股通,短文本,简单,short,"港股通, 条件",0.93
1542,请问交易明细和其他类似服务相比有什么优势？我想做一个详细的了解和对比，看看哪个更适合我的需求,交易服务,交易查询,交易明细,中等文本,中等,medium,交易明细,0.88
1972,资产配置建议需要什么条件,投资理财,资产配置,资产配置建议,短文本,简单,short,"资产配置建议, 条件",0.9
1027,我想了解净值型理财的相关信息,投资理财,理财产品,净值型理财,短文本,简单,short,"净值型理财, 理财",0.89
1679,我对贷款计算很感兴趣，请问能介绍一下吗？我想知道相关的具体要求和办理流程,信贷服务,个人贷款,贷款计算,中等文本,中等,medium,"贷款计算, 贷款, 办理, 流程",0.86
1863,我对办卡申请很感兴趣，请问能介绍一下吗？我想知道相关的具体要求和办理流程,信贷服务,信用卡服务,办卡申请,中等文本,简单,medium,"办卡申请, 申请, 办理, 流程",0.84
1664,我对股票查询很感兴趣，请问能介绍一下吗？我想知道相关的具体要求和办理流程,投资理财,股票投资,股票查询,中等文本,中等,medium,"股票查询, 股票, 查询, 办理, 流程",0.83
1416,我对手续费很感兴趣，请问能介绍一下吗？我想知道相关的具体要求和办理流程,产品咨询,费用说明,手续费,中等文本,中等,medium,"手续费, 办理, 流程",0.9
1106,请问自动缴费怎么操作,交易服务,代扣代缴,自动缴费,短文本,简单,short,"自动缴费, 缴费",0.93
1079,请问车险和其他类似服务相比有什么优势？我想做一个详细的了解和对比，看看哪个更适合我的需求,投资理财,保险规划,车险,中等文本,简单,medium,车险,0.86
1042,支付密码需要什么条件,账户服务,密码管理,支付密码,短文本,简单,short,"支付密码, 密码, 条件",0.94
1773,股票查询的具体流程是什么,投资理财,股票投资,股票查询,短文本,简单,short,"股票查询, 股票, 查询, 流程",0.94
1480,我想了解委托授权的相关信息,账户服务,权限设置,委托授权,短文本,简单,short,委托授权,0.96
1942,我想买一套房子，贷款200万，30年还清，请问等额本息和等额本金哪种还款方式更划算？,信贷服务,个人贷款,房贷,中等文本,简单,medium,"房贷, 贷款",0.89
1115,请问临时额度和其他类似服务相比有什么优势？我想做一个详细的了解和对比，看看哪个更适合我的需求,信贷服务,信用卡服务,临时额度,中等文本,中等,medium,"临时额度, 额度",0.82
1298,盾卡管理的具体流程是什么,账户服务,安全验证,盾卡管理,短文本,简单,short,"盾卡管理, 流程",0.9
1648,我想了解交易权限的相关信息,账户服务,权限设置,交易权限,短文本,简单,short,交易权限,0.88
1406,产品优缺点的具体流程是什么,产品咨询,产品对比,产品优缺点,短文本,简单,short,"产品优缺点, 流程",0.9
1247,请问健康保险怎么操作,投资理财,保险规划,健康保险,短文本,简单,short,"健康保险, 保险",0.95
1153,请问贷款审批怎么操作,信贷服务,企业贷款,贷款审批,短文本,简单,short,"贷款审批, 贷款",0.95
1620,我对代扣查询很感兴趣，请问能介绍一下吗？我想知道相关的具体要求和办理流程,交易服务,代扣代缴,代扣查询,中等文本,简单,medium,"代扣查询, 查询, 办理, 流程",0.92
1954,抵押贷的具体流程是什么,信贷服务,个人贷款,抵押贷,短文本,简单,short,"抵押贷, 流程",0.95
1326,我想了解预期收益的相关信息,产品咨询,收益计算,预期收益,短文本,简单,short,"预期收益, 收益",0.82
1157,请问投资组合和其他类似服务相比有什么优势？我想做一个详细的了解和对比，看看哪个更适合我的需求,投资理财,资产配置,投资组合,中等文本,中等,medium,投资组合,0.97
1606,我对实时转账很感兴趣，请问能介绍一下吗？我想知道相关的具体要求和办理流程,交易服务,转账汇款,实时转账,中等文本,简单,medium,"实时转账, 转账, 办理, 流程",0.95
1912,请问持仓分析怎么操作,投资理财,股票投资,持仓分析,短文本,简单,short,持仓分析,0.81
1964,我想了解人寿保险的相关信息,投资理财,保险规划,人寿保险,短文本,简单,short,"人寿保险, 保险",0.81
1183,基金赎回的具体流程是什么,投资理财,基金投资,基金赎回,短文本,简单,short,"基金赎回, 基金, 流程",0.88
1968,我想了解意外险的相关信息,投资理财,保险规划,意外险,短文本,简单,short,意外险,0.9
1684,我有一笔10万的大额转账，为什么会要求我提供资金来源和用途证明,风险合规,合规咨询,反洗钱,中等文本,中等,medium,"反洗钱, 转账",0.97
1367,请问低风险产品和其他类似服务相比有什么优势？我想做一个详细的了解和对比，看看哪个更适合我的需求,产品咨询,产品推荐,低风险产品,中等文本,中等,medium,"低风险产品, 风险",0.87
1221,我想了解预期收益型的相关信息,投资理财,理财产品,预期收益型,短文本,简单,short,"预期收益型, 收益",0.97
1764,纯债基金和混合债基的区别,投资理财,基金投资,债券基金,短文本,简单,short,"债券基金, 基金",0.95
1377,我想了解密码重置的相关信息,账户服务,密码管理,密码重置,短文本,简单,short,"密码重置, 密码",0.97
1699,信用卡怎么激活,信贷服务,信用卡服务,信用卡激活,短文本,简单,short,"信用卡激活, 信用卡",0.82
1076,人寿保险需要什么条件,投资理财,保险规划,人寿保险,短文本,简单,short,"人寿保险, 保险, 条件",0.82
1779,权限冻结需要什么条件,账户服务,权限设置,权限冻结,短文本,简单,short,"权限冻结, 条件",0.83
1328,我对监管政策很感兴趣，请问能介绍一下吗？我想知道相关的具体要求和办理流程,风险合规,合规咨询,监管政策,中等文本,中等,medium,"监管政策, 办理, 流程",0.85
1361,跨行转账限额是多少,交易服务,转账汇款,跨行转账,短文本,简单,short,"跨行转账, 转账",0.82
1789,请问交易权限怎么操作,账户服务,权限设置,交易权限,短文本,简单,short,交易权限,0.95
1752,请问电子回单怎么操作,交易服务,交易查询,电子回单,短文本,简单,short,电子回单,0.89
1045,我想了解监管政策的相关信息,风险合规,合规咨询,监管政策,短文本,简单,short,监管政策,0.97
1224,信用卡提额被拒怎么办,信贷服务,信用卡服务,额度提升,短文本,简单,short,"额度提升, 信用卡",0.87
1200,请问风险测评怎么操作,风险合规,风险评估,风险测评,短文本,简单,short,"风险测评, 风险",0.82
1590,房贷可以提前还款吗,信贷服务,个人贷款,房贷,短文本,简单,short,房贷,0.91
1662,意外险的具体流程是什么,投资理财,保险规划,意外险,短文本,简单,short,"意外险, 流程",0.99
1161,税费缴纳需要什么条件,交易服务,支付缴费,税费缴纳,短文本,简单,short,"税费缴纳, 条件",0.94
1810,我想了解健康保险的相关信息,投资理财,保险规划,健康保险,短文本,简单,short,"健康保险, 保险",0.93
1160,什么是指数基金,投资理财,基金投资,指数基金,短文本,简单,short,"指数基金, 基金",0.85
1022,话费充值到账时间是多久？刚充了话费还没到账，请问要等多久,交易服务,支付缴费,手机充值,短文本,简单,short,手机充值,0.99
1976,请问临时额度怎么操作,信贷服务,信用卡服务,临时额度,短文本,简单,short,"临时额度, 额度",0.84
1299,我想买一套房子，贷款200万，30年还清，请问等额本息和等额本金哪种还款方式更划算？,信贷服务,个人贷款,房贷,中等文本,简单,medium,"房贷, 贷款",0.91
1793,请问流动资金贷款和其他类似服务相比有什么优势？我想做一个详细的了解和对比，看看哪个更适合我的需求,信贷服务,企业贷款,流动资金贷款,中等文本,中等,medium,"流动资金贷款, 贷款",0.95
1787,请问贷款审批和其他类似服务相比有什么优势？我想做一个详细的了解和对比，看看哪个更适合我的需求,信贷服务,企业贷款,贷款审批,中等文本,简单,medium,"贷款审批, 贷款",0.83
1874,信息披露查询的具体流程是什么,风险合规,信息披露,信息披露查询,短文本,简单,short,"信息披露查询, 查询, 流程",0.86
1993,我想了解费用对比的相关信息,产品咨询,产品对比,费用对比,短文本,简单,short,费用对比,0.96
1882,权限冻结的具体流程是什么,账户服务,权限设置,权限冻结,短文本,简单,short,"权限冻结, 流程",0.88
1946,请问基金赎回和其他类似服务相比有什么优势？我想做一个详细的了解和对比，看看哪个更适合我的需求,投资理财,基金投资,基金赎回,中等文本,中等,medium,"基金赎回, 基金",0.96
1659,我想了解资产配置建议的相关信息,投资理财,资产配置,资产配置建议,短文本,简单,short,资产配置建议,0.97
1669,预期收益的具体流程是什么,产品咨询,收益计算,预期收益,短文本,简单,short,"预期收益, 收益, 流程",0.97
1861,我想用手机银行交家里的水电费和燃气费，请问怎么操作？需要绑定户号吗,交易服务,支付缴费,水电煤缴费,中等文本,中等,medium,水电煤缴费,0.97
1032,额度调整需要什么条件,信贷服务,额度管理,额度调整,短文本,简单,short,"额度调整, 额度, 条件",0.95
1817,我对贷款审批很感兴趣，请问能介绍一下吗？我想知道相关的具体要求和办理流程,信贷服务,企业贷款,贷款审批,中等文本,简单,medium,"贷款审批, 贷款, 办理, 流程",0.95
1435,请问货币基金怎么操作,投资理财,基金投资,货币基金,短文本,简单,short,"货币基金, 基金",0.83
1080,信用卡激活要收费吗,信贷服务,信用卡服务,信用卡激活,短文本,简单,short,"信用卡激活, 信用卡",0.87
1354,我想在你们银行开个人账户，请问需要带什么证件？开户需要多长时间？,账户服务,开户注销,个人开户,中等文本,中等,medium,"个人开户, 开户",0.97
1731,持仓分析的具体流程是什么,投资理财,股票投资,持仓分析,短文本,简单,short,"持仓分析, 流程",0.93
1507,固定资产贷款需要什么条件,信贷服务,企业贷款,固定资产贷款,短文本,简单,short,"固定资产贷款, 贷款, 条件",0.88
1801,我想了解密码重置的相关信息,账户服务,密码管理,密码重置,短文本,简单,short,"密码重置, 密码",1.0
1553,人脸识别的具体流程是什么,账户服务,安全验证,人脸识别,短文本,简单,short,"人脸识别, 流程",0.95
1050,请问税费缴纳和其他类似服务相比有什么优势？我想做一个详细的了解和对比，看看哪个更适合我的需求,交易服务,支付缴费,税费缴纳,中等文本,简单,medium,税费缴纳,0.92
1866,请问人寿保险怎么操作,投资理财,保险规划,人寿保险,短文本,简单,short,"人寿保险, 保险",0.83
1085,请问贸易融资怎么操作,信贷服务,企业贷款,贸易融资,短文本,简单,short,贸易融资,0.97
1407,请问密码找回和其他类似服务相比有什么优势？我想做一个详细的了解和对比，看看哪个更适合我的需求,账户服务,密码管理,密码找回,中等文本,中等,medium,"密码找回, 密码",0.89
1617,请问固定资产贷款和其他类似服务相比有什么优势？我想做一个详细的了解和对比，看看哪个更适合我的需求,信贷服务,企业贷款,固定资产贷款,中等文本,简单,medium,"固定资产贷款, 贷款",0.9
1468,休眠账户激活需要什么条件,账户服务,开户注销,休眠账户激活,短文本,简单,short,"休眠账户激活, 条件",0.97
1887,A股交易需要什么条件,投资理财,股票投资,A股交易,短文本,简单,short,"A股交易, 条件",0.88
1196,我想了解合规要求的相关信息,风险合规,合规咨询,合规要求,短文本,简单,short,合规要求,0.85
1963,请问身份识别怎么操作,风险合规,合规咨询,身份识别,短文本,简单,short,身份识别,0.92
1886,请问人寿保险和其他类似服务相比有什么优势？我想做一个详细的了解和对比，看看哪个更适合我的需求,投资理财,保险规划,人寿保险,中等文本,简单,medium,"人寿保险, 保险",0.88
1456,请问额度查询怎么操作,信贷服务,额度管理,额度查询,短文本,简单,short,"额度查询, 额度, 查询",0.88
1199,授信管理的具体流程是什么,信贷服务,额度管理,授信管理,短文本,简单,short,"授信管理, 流程",0.92
1736,我对大额存单很感兴趣，请问能介绍一下吗？我想知道相关的具体要求和办理流程,投资理财,理财产品,大额存单,中等文本,中等,medium,"大额存单, 办理, 流程",0.96
1471,实名认证需要什么条件,账户服务,安全验证,实名认证,短文本,简单,short,"实名认证, 条件",1.0
1634,我想了解风险等级对比的相关信息,产品咨询,产品对比,风险等级对比,短文本,简单,short,"风险等级对比, 风险",0.93
1423,我想了解委托授权的相关信息,账户服务,权限设置,委托授权,短文本,简单,short,委托授权,0.82
1918,请问交易明细怎么操作,交易服务,交易查询,交易明细,短文本,简单,short,交易明细,0.96
1280,我对服务费很感兴趣，请问能介绍一下吗？我想知道相关的具体要求和办理流程,产品咨询,费用说明,服务费,中等文本,中等,medium,"服务费, 办理, 流程",0.88
1273,基金定投 SMART 定投和普通定投有什么区别？我在什么情况下应该使用智能定投策略？,投资理财,基金投资,基金定投,中等文本,简单,medium,"基金定投, 基金",0.9
1602,请问额度调整和其他类似服务相比有什么优势？我想做一个详细的了解和对比，看看哪个更适合我的需求,信贷服务,额度管理,额度调整,中等文本,中等,medium,"额度调整, 额度",0.9
1163,基金转换的具体流程是什么,投资理财,基金投资,基金转换,短文本,简单,short,"基金转换, 基金, 流程",0.81
1150,我想在你们银行开个人账户，请问需要带什么证件？开户需要多长时间？,账户服务,开户注销,个人开户,中等文本,中等,medium,"个人开户, 开户",0.97
1155,我想了解交易明细的相关信息,交易服务,交易查询,交易明细,短文本,简单,short,交易明细,0.84
1483,请问风险等级对比和其他类似服务相比有什么优势？我想做一个详细的了解和对比，看看哪个更适合我的需求,产品咨询,产品对比,风险等级对比,中等文本,简单,medium,"风险等级对比, 风险",0.82
1279,请问基金转换怎么操作,投资理财,基金投资,基金转换,短文本,简单,short,"基金转换, 基金",0.98
1340,请问管理费和其他类似服务相比有什么优势？我想做一个详细的了解和对比，看看哪个更适合我的需求,产品咨询,费用说明,管理费,中等文本,简单,medium,管理费,0.92
1723,请问风险提示书和其他类似服务相比有什么优势？我想做一个详细的了解和对比，看看哪个更适合我的需求,风险合规,信息披露,风险提示书,中等文本,简单,medium,"风险提示书, 风险",0.99
1792,请问赎回费怎么操作,产品咨询,费用说明,赎回费,短文本,简单,short,赎回费,0.83
1086,请问预约转账和其他类似服务相比有什么优势？我想做一个详细的了解和对比，看看哪个更适合我的需求,交易服务,转账汇款,预约转账,中等文本,简单,medium,"预约转账, 转账",0.89
1170,我对基金赎回很感兴趣，请问能介绍一下吗？我想知道相关的具体要求和办理流程,投资理财,基金投资,基金赎回,中等文本,中等,medium,"基金赎回, 基金, 办理, 流程",0.91
1997,基金定投 SMART 定投和普通定投有什么区别？我在什么情况下应该使用智能定投策略？,投资理财,基金投资,基金定投,中等文本,中等,medium,"基金定投, 基金",0.94
1363,请问密码重置怎么操作,账户服务,密码管理,密码重置,短文本,简单,short,"密码重置, 密码",0.82
1837,请问贷款计算怎么操作,信贷服务,个人贷款,贷款计算,短文本,简单,short,"贷款计算, 贷款",0.84
1685,请问抵押贷和其他类似服务相比有什么优势？我想做一个详细的了解和对比，看看哪个更适合我的需求,信贷服务,个人贷款,抵押贷,中等文本,中等,medium,抵押贷,0.88
1515,请问人寿保险和其他类似服务相比有什么优势？我想做一个详细的了解和对比，看看哪个更适合我的需求,投资理财,保险规划,人寿保险,中等文本,中等,medium,"人寿保险, 保险",0.94
1584,请问企业开户怎么操作,账户服务,开户注销,企业开户,短文本,简单,short,"企业开户, 开户",0.96
1923,信用贷需要什么条件,信贷服务,个人贷款,信用贷,短文本,简单,short,"信用贷, 条件",0.99
1703,请问账户注销怎么操作,账户服务,开户注销,账户注销,短文本,简单,short,账户注销,0.81
1775,我想了解贷款计算的相关信息,信贷服务,个人贷款,贷款计算,短文本,简单,short,"贷款计算, 贷款",0.91
1780,手续费需要什么条件,产品咨询,费用说明,手续费,短文本,简单,short,"手续费, 条件",0.81
1004,我对新股申购很感兴趣，请问能介绍一下吗？我想知道相关的具体要求和办理流程,投资理财,股票投资,新股申购,中等文本,中等,medium,"新股申购, 办理, 流程",0.91
1903,我想投资指数基金，请问沪深300指数基金和上证50指数基金哪个更适合长期持有？,投资理财,基金投资,指数基金,中等文本,中等,medium,"指数基金, 基金",0.97
1720,我想了解额度调整的相关信息,信贷服务,额度管理,额度调整,短文本,简单,short,"额度调整, 额度",0.81
1798,请问进取型产品怎么操作,产品咨询,产品推荐,进取型产品,短文本,简单,short,进取型产品,0.81
1442,消费贷利率多少,信贷服务,个人贷款,消费贷,短文本,简单,short,"消费贷, 利率",0.86
1411,跨行转账需要什么信息,交易服务,转账汇款,跨行转账,短文本,简单,short,"跨行转账, 转账",0.97
1486,我对管理费很感兴趣，请问能介绍一下吗？我想知道相关的具体要求和办理流程,产品咨询,费用说明,管理费,中等文本,简单,medium,"管理费, 办理, 流程",0.95
1911,我对风险等级很感兴趣，请问能介绍一下吗？我想知道相关的具体要求和办理流程,风险合规,风险评估,风险等级,中等文本,简单,medium,"风险等级, 风险, 办理, 流程",0.86
1574,账户注销需要什么条件,账户服务,开户注销,账户注销,短文本,简单,short,"账户注销, 条件",0.82
1717,A股交易需要什么条件,投资理财,股票投资,A股交易,短文本,简单,short,"A股交易, 条件",0.95
1107,信用贷需要什么条件,信贷服务,个人贷款,信用贷,短文本,简单,short,"信用贷, 条件",0.81
1271,请问休眠账户激活和其他类似服务相比有什么优势？我想做一个详细的了解和对比，看看哪个更适合我的需求,账户服务,开户注销,休眠账户激活,中等文本,简单,medium,休眠账户激活,0.87
1655,什么是反洗钱,风险合规,合规咨询,反洗钱,短文本,简单,short,反洗钱,0.98
1197,我的信用卡额度是1万，用了半年了，每次都按时还款，请问能提升到多少额度？需要什么条件,信贷服务,信用卡服务,额度提升,中等文本,简单,medium,"额度提升, 额度, 信用卡, 条件",0.87
1560,委托授权需要什么条件,账户服务,权限设置,委托授权,短文本,简单,short,"委托授权, 条件",0.89
1809,请问转账限额和其他类似服务相比有什么优势？我想做一个详细的了解和对比，看看哪个更适合我的需求,账户服务,权限设置,转账限额,中等文本,中等,medium,"转账限额, 转账",0.94
1943,请问信息披露查询怎么操作,风险合规,信息披露,信息披露查询,短文本,简单,short,"信息披露查询, 查询",0.91
1212,风险评估怎么做,投资理财,资产配置,风险评估,短文本,简单,short,"风险评估, 风险",0.82
1893,贸易融资需要什么条件,信贷服务,企业贷款,贸易融资,短文本,简单,short,"贸易融资, 条件",0.82
1466,请问净值型理财怎么操作,投资理财,理财产品,净值型理财,短文本,简单,short,"净值型理财, 理财",0.91
1039,首套房和二套房的房贷利率差多少？我现在有一套房还在贷款中，想再买一套的话首付比例和利率分别是多少,信贷服务,个人贷款,房贷,中等文本,中等,medium,"房贷, 利率, 贷款",0.84
1498,请问账单分期和其他类似服务相比有什么优势？我想做一个详细的了解和对比，看看哪个更适合我的需求,信贷服务,信用卡服务,账单分期,中等文本,简单,medium,账单分期,1.0
1084,行内转账要手续费吗,交易服务,转账汇款,行内转账,短文本,简单,short,"行内转账, 转账, 手续费",0.91
1082,开放式基金有哪些,投资理财,基金投资,开放式基金,短文本,简单,short,"开放式基金, 基金",0.84
1525,开放式基金和封闭式基金有什么区别？我想了解一下它们的主要特点，特别是关于流动性和申购赎回机制方面的差异,投资理财,基金投资,开放式基金,中等文本,简单,medium,"开放式基金, 基金",0.9
1852,请问流动资金贷款怎么操作,信贷服务,企业贷款,流动资金贷款,短文本,简单,short,"流动资金贷款, 贷款",0.97
1291,我对基金赎回很感兴趣，请问能介绍一下吗？我想知道相关的具体要求和办理流程,投资理财,基金投资,基金赎回,中等文本,中等,medium,"基金赎回, 基金, 办理, 流程",0.93
1342,我对流动资金贷款很感兴趣，请问能介绍一下吗？我想知道相关的具体要求和办理流程,信贷服务,企业贷款,流动资金贷款,中等文本,中等,medium,"流动资金贷款, 贷款, 办理, 流程",0.88
1683,请问新股申购和其他类似服务相比有什么优势？我想做一个详细的了解和对比，看看哪个更适合我的需求,投资理财,股票投资,新股申购,中等文本,中等,medium,新股申购,0.94
1380,手续费的具体流程是什么,产品咨询,费用说明,手续费,短文本,简单,short,"手续费, 流程",0.92
1261,我想投资指数基金，请问沪深300指数基金和上证50指数基金哪个更适合长期持有？,投资理财,基金投资,指数基金,中等文本,中等,medium,"指数基金, 基金",0.94
1992,我想了解信用贷的相关信息,信贷服务,个人贷款,信用贷,短文本,简单,short,信用贷,0.88
1791,身份识别需要什么条件,风险合规,合规咨询,身份识别,短文本,简单,short,"身份识别, 条件",0.87
1581,请问担保方式和其他类似服务相比有什么优势？我想做一个详细的了解和对比，看看哪个更适合我的需求,信贷服务,额度管理,担保方式,中等文本,中等,medium,担保方式,0.86
1890,我对财产保险很感兴趣，请问能介绍一下吗？我想知道相关的具体要求和办理流程,投资理财,保险规划,财产保险,中等文本,中等,medium,"财产保险, 保险, 办理, 流程",0.94
1386,我对货币基金很感兴趣，请问能介绍一下吗？我想知道相关的具体要求和办理流程,投资理财,基金投资,货币基金,中等文本,中等,medium,"货币基金, 基金, 办理, 流程",0.98
1790,我想了解经营贷的相关信息,信贷服务,个人贷款,经营贷,短文本,简单,short,经营贷,0.83
1145,请问风险提示书怎么操作,风险合规,信息披露,风险提示书,短文本,简单,short,"风险提示书, 风险",0.96
1051,我对产品说明书很感兴趣，请问能介绍一下吗？我想知道相关的具体要求和办理流程,风险合规,信息披露,产品说明书,中等文本,简单,medium,"产品说明书, 办理, 流程",0.98
1105,请问办卡申请怎么操作,信贷服务,信用卡服务,办卡申请,短文本,简单,short,"办卡申请, 申请",0.81
1429,请问交易记录和其他类似服务相比有什么优势？我想做一个详细的了解和对比，看看哪个更适合我的需求,交易服务,交易查询,交易记录,中等文本,中等,medium,交易记录,0.81
1818,我想了解车险的相关信息,投资理财,保险规划,车险,短文本,简单,short,车险,0.87
1629,产品优缺点需要什么条件,产品咨询,产品对比,产品优缺点,短文本,简单,short,"产品优缺点, 条件",0.83
1098,充值没到账怎么办,交易服务,支付缴费,手机充值,短文本,简单,short,手机充值,0.89
1572,请问支付密码怎么操作,账户服务,密码管理,支付密码,短文本,简单,short,"支付密码, 密码",0.8
1006,请问休眠账户激活和其他类似服务相比有什么优势？我想做一个详细的了解和对比，看看哪个更适合我的需求,账户服务,开户注销,休眠账户激活,中等文本,中等,medium,休眠账户激活,0.82
1697,我对密码找回很感兴趣，请问能介绍一下吗？我想知道相关的具体要求和办理流程,账户服务,密码管理,密码找回,中等文本,中等,medium,"密码找回, 密码, 办理, 流程",1.0
1794,请问货币基金怎么操作,投资理财,基金投资,货币基金,短文本,简单,short,"货币基金, 基金",0.96
1841,我想了解风险等级对比的相关信息,产品咨询,产品对比,风险等级对比,短文本,简单,short,"风险等级对比, 风险",1.0
1231,我对车险很感兴趣，请问能介绍一下吗？我想知道相关的具体要求和办理流程,投资理财,保险规划,车险,中等文本,中等,medium,"车险, 办理, 流程",0.81
1532,请问风险等级对比和其他类似服务相比有什么优势？我想做一个详细的了解和对比，看看哪个更适合我的需求,产品咨询,产品对比,风险等级对比,中等文本,中等,medium,"风险等级对比, 风险",0.99
1724,请问交易记录怎么操作,交易服务,交易查询,交易记录,短文本,简单,short,交易记录,0.94
1692,预期收益型的具体流程是什么,投资理财,理财产品,预期收益型,短文本,简单,short,"预期收益型, 收益, 流程",0.86
1409,监管政策的具体流程是什么,风险合规,合规咨询,监管政策,短文本,简单,short,"监管政策, 流程",0.98
1761,我想了解自动缴费的相关信息,交易服务,代扣代缴,自动缴费,短文本,简单,short,"自动缴费, 缴费",0.91
1117,请问风险等级怎么操作,风险合规,风险评估,风险等级,短文本,简单,short,"风险等级, 风险",0.81
1495,我想了解风险等级的相关信息,风险合规,风险评估,风险等级,短文本,简单,short,"风险等级, 风险",0.99
1412,盾卡管理的具体流程是什么,账户服务,安全验证,盾卡管理,短文本,简单,short,"盾卡管理, 流程",0.98
1920,复利计算需要什么条件,产品咨询,收益计算,复利计算,短文本,简单,short,"复利计算, 条件",0.97
1490,收益率对比的具体流程是什么,产品咨询,产品对比,收益率对比,短文本,简单,short,"收益率对比, 收益, 流程",0.91
1168,管理费需要什么条件,产品咨询,费用说明,管理费,短文本,简单,short,"管理费, 条件",0.95
1957,个人消费贷怎么申请,信贷服务,个人贷款,消费贷,短文本,简单,short,"消费贷, 申请",0.94
1258,请问货币基金和其他类似服务相比有什么优势？我想做一个详细的了解和对比，看看哪个更适合我的需求,投资理财,基金投资,货币基金,中等文本,中等,medium,"货币基金, 基金",0.87
1927,交通罚款需要什么条件,交易服务,支付缴费,交通罚款,短文本,简单,short,"交通罚款, 条件",0.8
1180,电子回单的具体流程是什么,交易服务,交易查询,电子回单,短文本,简单,short,"电子回单, 流程",0.86
1615,电子回单需要什么条件,交易服务,交易查询,电子回单,短文本,简单,short,"电子回单, 条件",0.9
1302,请问风险提示怎么操作,风险合规,风险评估,风险提示,短文本,简单,short,"风险提示, 风险",0.84
1083,登录密码有什么要求,账户服务,密码管理,登录密码,短文本,简单,short,"登录密码, 密码",0.96
1828,请问预期收益型和其他类似服务相比有什么优势？我想做一个详细的了解和对比，看看哪个更适合我的需求,投资理财,理财产品,预期收益型,中等文本,中等,medium,"预期收益型, 收益",1.0
1134,请问货币基金和其他类似服务相比有什么优势？我想做一个详细的了解和对比，看看哪个更适合我的需求,投资理财,基金投资,货币基金,中等文本,简单,medium,"货币基金, 基金",0.81
1958,债券基金收益怎么样,投资理财,基金投资,债券基金,短文本,简单,short,"债券基金, 收益, 基金",0.89
1539,跨行转账需要对方什么信息？只需要银行卡号还是也需要开户行名称？大额转账要提前预约吗,交易服务,转账汇款,跨行转账,中等文本,简单,medium,"跨行转账, 转账, 开户",0.91
1375,申请信用卡提额被拒绝了，请问是是什么原因？我要多久才能再次申请提额,信贷服务,信用卡服务,额度提升,中等文本,中等,medium,"额度提升, 信用卡, 申请",0.95
1947,基金定投怎么设置,投资理财,基金投资,基金定投,短文本,简单,short,"基金定投, 基金",0.96
1303,我想了解产品公告的相关信息,风险合规,信息披露,产品公告,短文本,简单,short,产品公告,0.96
1929,实时转账的具体流程是什么,交易服务,转账汇款,实时转账,短文本,简单,short,"实时转账, 转账, 流程",0.95
1072,我对交易明细很感兴趣，请问能介绍一下吗？我想知道相关的具体要求和办理流程,交易服务,交易查询,交易明细,中等文本,简单,medium,"交易明细, 办理, 流程",0.89
1879,请问监管政策和其他类似服务相比有什么优势？我想做一个详细的了解和对比，看看哪个更适合我的需求,风险合规,合规咨询,监管政策,中等文本,简单,medium,监管政策,0.81
1315,我需要转账到工商银行，请问多久能到账？手续费怎么计算？,交易服务,转账汇款,跨行转账,短文本,简单,short,"跨行转账, 转账, 手续费",0.83
1713,流动资金贷款需要什么条件,信贷服务,企业贷款,流动资金贷款,短文本,简单,short,"流动资金贷款, 贷款, 条件",0.94
1031,临时额度的具体流程是什么,信贷服务,信用卡服务,临时额度,短文本,简单,short,"临时额度, 额度, 流程",0.92
1686,我想了解基金赎回的相关信息,投资理财,基金投资,基金赎回,短文本,简单,short,"基金赎回, 基金",0.94
1763,固定资产贷款的具体流程是什么,信贷服务,企业贷款,固定资产贷款,短文本,简单,short,"固定资产贷款, 贷款, 流程",0.96
1727,充值话费有优惠吗,交易服务,支付缴费,手机充值,短文本,简单,short,手机充值,0.98
1715,风险提示的具体流程是什么,风险合规,风险评估,风险提示,短文本,简单,short,"风险提示, 风险, 流程",0.93
1971,请问授信管理和其他类似服务相比有什么优势？我想做一个详细的了解和对比，看看哪个更适合我的需求,信贷服务,额度管理,授信管理,中等文本,简单,medium,授信管理,0.81
1239,请问基金转换怎么操作,投资理财,基金投资,基金转换,短文本,简单,short,"基金转换, 基金",0.81
1803,我想了解财产保险的相关信息,投资理财,保险规划,财产保险,短文本,简单,short,"财产保险, 保险",0.89
1131,交易权限需要什么条件,账户服务,权限设置,交易权限,短文本,简单,short,"交易权限, 条件",0.99
1884,低风险产品的具体流程是什么,产品咨询,产品推荐,低风险产品,短文本,简单,short,"低风险产品, 风险, 流程",0.81
1226,我想了解意外险的相关信息,投资理财,保险规划,意外险,短文本,简单,short,意外险,0.98
1705,稳健型产品的具体流程是什么,产品咨询,产品推荐,稳健型产品,短文本,简单,short,"稳健型产品, 流程",0.98
1842,什么是反洗钱,风险合规,合规咨询,反洗钱,短文本,简单,short,反洗钱,0.85
1545,我想了解产品说明书的相关信息,风险合规,信息披露,产品说明书,短文本,简单,short,产品说明书,0.88
1366,我对自动缴费很感兴趣，请问能介绍一下吗？我想知道相关的具体要求和办理流程,交易服务,代扣代缴,自动缴费,中等文本,简单,medium,"自动缴费, 缴费, 办理, 流程",0.99
1448,我对资产配置建议很感兴趣，请问能介绍一下吗？我想知道相关的具体要求和办理流程,投资理财,资产配置,资产配置建议,中等文本,简单,medium,"资产配置建议, 办理, 流程",0.91
1088,额度查询需要什么条件,信贷服务,额度管理,额度查询,短文本,简单,short,"额度查询, 额度, 查询, 条件",0.94
1458,我想了解交通罚款的相关信息,交易服务,支付缴费,交通罚款,短文本,简单,short,交通罚款,0.97
1378,净值型理财的具体流程是什么,投资理财,理财产品,净值型理财,短文本,简单,short,"净值型理财, 理财, 流程",0.86
1433,请问办卡申请和其他类似服务相比有什么优势？我想做一个详细的了解和对比，看看哪个更适合我的需求,信贷服务,信用卡服务,办卡申请,中等文本,简单,medium,"办卡申请, 申请",0.8
1894,我对转账限额很感兴趣，请问能介绍一下吗？我想知道相关的具体要求和办理流程,账户服务,权限设置,转账限额,中等文本,中等,medium,"转账限额, 转账, 办理, 流程",0.81
1802,请问收益率对比和其他类似服务相比有什么优势？我想做一个详细的了解和对比，看看哪个更适合我的需求,产品咨询,产品对比,收益率对比,中等文本,简单,medium,"收益率对比, 收益",0.94
1998,持仓分析需要什么条件,投资理财,股票投资,持仓分析,短文本,简单,short,"持仓分析, 条件",0.96
1854,请问手续费怎么操作,产品咨询,费用说明,手续费,短文本,简单,short,手续费,0.81
1413,请问风险等级和其他类似服务相比有什么优势？我想做一个详细的了解和对比，看看哪个更适合我的需求,风险合规,风险评估,风险等级,中等文本,中等,medium,"风险等级, 风险",0.94
1877,我想了解实时转账的相关信息,交易服务,转账汇款,实时转账,短文本,简单,short,"实时转账, 转账",0.81
1961,我对电子回单很感兴趣，请问能介绍一下吗？我想知道相关的具体要求和办理流程,交易服务,交易查询,电子回单,中等文本,中等,medium,"电子回单, 办理, 流程",0.88
1858,请问信用贷怎么操作,信贷服务,个人贷款,信用贷,短文本,简单,short,信用贷,0.87
1186,办卡申请的具体流程是什么,信贷服务,信用卡服务,办卡申请,短文本,简单,short,"办卡申请, 申请, 流程",0.96
1656,请问服务费和其他类似服务相比有什么优势？我想做一个详细的了解和对比，看看哪个更适合我的需求,产品咨询,费用说明,服务费,中等文本,中等,medium,服务费,0.99
1306,我想了解预期收益的相关信息,产品咨询,收益计算,预期收益,短文本,简单,short,"预期收益, 收益",0.85
1015,信用贷的具体流程是什么,信贷服务,个人贷款,信用贷,短文本,简单,short,"信用贷, 流程",0.93
1057,低风险产品的具体流程是什么,产品咨询,产品推荐,低风险产品,短文本,简单,short,"低风险产品, 风险, 流程",0.91
1276,A股交易的具体流程是什么,投资理财,股票投资,A股交易,短文本,简单,short,"A股交易, 流程",0.83
1816,我想了解流动资金贷款的相关信息,信贷服务,企业贷款,流动资金贷款,短文本,简单,short,"流动资金贷款, 贷款",0.86
1254,请问密码重置怎么操作,账户服务,密码管理,密码重置,短文本,简单,short,"密码重置, 密码",0.96
1319,请问流动资金贷款和其他类似服务相比有什么优势？我想做一个详细的了解和对比，看看哪个更适合我的需求,信贷服务,企业贷款,流动资金贷款,中等文本,简单,medium,"流动资金贷款, 贷款",0.89
1835,我想了解热门产品的相关信息,产品咨询,产品推荐,热门产品,短文本,简单,short,热门产品,0.9
